Paramters (Entered by user),,,,,,,,,,,,,,,,,,,,,,,,,,,,,,,,,,,,,,,,,,,,,,,,,,,,,,,,,,,,,,,,,,,,,,,,,,,,,,,,,,,Gauge,,,,,,,,,,,,,,,,,,,,,,,,,,,,,,,,,,,,,,,,,,Difficulty,,,,,,,,,,,,,,,,,,,,GENERATOR,,,,,,,,,,,,,,,,,,,,,,,,,,,,,,,,,,,,,,
,,,,,,,,α (curve profil),,,,,Amount of HC in that world,,,,,,α (curve profil),,,,,Amount of XP in that world,,,,,,XP_Multiplier,,,,,,,,,,,,,,,,,,,,,,,,,,,,,,,,,,,,,,,,,,,,,,,,,,,,,Reward,,,,,,,,,,,,,,,,,,,,Rewards,Target,,,,,,,,,,,,,,,,,,,,XP,Power,,,,,Power,,,,,,,,,,Player Behavior,,,,,,,,,,World Progress Config,World Config,,,,,,,,,,World Config,WorldEvent,,,,,,,,,,,,,,,,,World Event,eventContentList,,,eventContentList
,,,,,,,,,,,,,,,,,,,,,,,,,,,,,,,,,,,,,,,,,,,,,,,,,,,,,,,,,,,,,,,,,,,,,,,,,,,,,,,,,,,,,,,,,,,,,,,,,,,,,,,,,,,,,,,,,,,,,,,,,,,,,,,,,,,,,,,,,,,,,,,,,id,final_currency_target,currency_id,rewards,reward_currency_target,,id,world_tile_config_id,world_random_spawners_config_id,world_resource_config_id,landmark_config_id,world_enviro_config_id,world_resource_drop_config_id,biome_ids,tile_count,world_modifier_config_id,,id,world_config_id,progression_config_id,use_dynamic_world_coins,world_coins_multiplier,use_dynamic_world_progress_currency,world_progress_currency_multiplier,game_page,event_duration,use_dynamic_power,additional_power,world_power,world_recommended_power,behavior,eventCardViewId,eventRulesViewId,eventPopupViewId,,id,content_id,progression_order,
Tuning parameter name (left-hand list of global knobs that drive the Gauge / Difficulty / Reward formulas for every TLE),Value used by the formulas for the parameter on its left (only the cells in this column are read by the generator),,"Display name of the TLE event configured by this row (one row = one event setup, e.g. 'TLE 1 Meadow' for an Island Trial, 'TLE 2 Meadow' for an Island Odyssey)",TRUE = (re)generate the WorldProgress / reward gauge for this event ; FALSE = reuse the existing one,How the gauge total reward is split across milestones. A single number (e.g. 4) = that many equal gauge milestones per world. A dash list (e.g. '4 - 2 - 4 - 3 - 5') = gauge milestones + leaderboard tier split,TRUE = this event has a competitive leaderboard on top of the gauge (Island Odyssey) ; FALSE = gauge only (Island Trial),,"alpha curve for the HC reward distribution in World 1. Used by the formula y = y_start + (y_end - y_start) * t^(1/alpha) where t is the normalised milestone progress. alpha > 1 = front-loaded (curve climbs fast early), alpha < 1 = back-loaded (long grind near the end)","alpha curve for the HC reward distribution in World 2. Used by the formula y = y_start + (y_end - y_start) * t^(1/alpha) where t is the normalised milestone progress. alpha > 1 = front-loaded (curve climbs fast early), alpha < 1 = back-loaded (long grind near the end)","alpha curve for the HC reward distribution in World 3. Used by the formula y = y_start + (y_end - y_start) * t^(1/alpha) where t is the normalised milestone progress. alpha > 1 = front-loaded (curve climbs fast early), alpha < 1 = back-loaded (long grind near the end)","alpha curve for the HC reward distribution in World 4. Used by the formula y = y_start + (y_end - y_start) * t^(1/alpha) where t is the normalised milestone progress. alpha > 1 = front-loaded (curve climbs fast early), alpha < 1 = back-loaded (long grind near the end)","alpha curve for the HC reward distribution in World 5. Used by the formula y = y_start + (y_end - y_start) * t^(1/alpha) where t is the normalised milestone progress. alpha > 1 = front-loaded (curve climbs fast early), alpha < 1 = back-loaded (long grind near the end)",Total amount of HC handed out by the gauge in World 1 (sum of HC across all gauge milestones for that world),Total amount of HC handed out by the gauge in World 2 (sum of HC across all gauge milestones for that world),Total amount of HC handed out by the gauge in World 3 (sum of HC across all gauge milestones for that world),Total amount of HC handed out by the gauge in World 4 (sum of HC across all gauge milestones for that world),Total amount of HC handed out by the gauge in World 5 (sum of HC across all gauge milestones for that world),,alpha curve for the XP gauge in World 1 (same role as the HC alpha but applied to the XP progression curve),alpha curve for the XP gauge in World 2 (same role as the HC alpha but applied to the XP progression curve),alpha curve for the XP gauge in World 3 (same role as the HC alpha but applied to the XP progression curve),alpha curve for the XP gauge in World 4 (same role as the HC alpha but applied to the XP progression curve),alpha curve for the XP gauge in World 5 (same role as the HC alpha but applied to the XP progression curve),Total amount of XP required to fill the gauge in World 1,Total amount of XP required to fill the gauge in World 2,Total amount of XP required to fill the gauge in World 3,Total amount of XP required to fill the gauge in World 4,Total amount of XP required to fill the gauge in World 5,,"XP multiplier applied on top of the base XP rewards in World 1 (1 = no boost, 2 = x2, etc. Doubling per world is a common pattern: 1, 2, 4, 8, 16)","XP multiplier applied on top of the base XP rewards in World 2 (1 = no boost, 2 = x2, etc. Doubling per world is a common pattern: 1, 2, 4, 8, 16)","XP multiplier applied on top of the base XP rewards in World 3 (1 = no boost, 2 = x2, etc. Doubling per world is a common pattern: 1, 2, 4, 8, 16)","XP multiplier applied on top of the base XP rewards in World 4 (1 = no boost, 2 = x2, etc. Doubling per world is a common pattern: 1, 2, 4, 8, 16)","XP multiplier applied on top of the base XP rewards in World 5 (1 = no boost, 2 = x2, etc. Doubling per world is a common pattern: 1, 2, 4, 8, 16)",,Sum of the gem-equivalent value of all gauge rewards listed on this row (sanity check vs the gauge HC budget),Sum of the gem-equivalent value of all leaderboard rewards listed on this row (only filled when Leaderboard ? = TRUE),Total XP cap used as the upper bound of the leaderboard XP curve. Plays the role of y_end in the alpha-XP formula when computing the cumulative target of each leaderboard tier,"alpha used to distribute the reward VALUE across the 20 leaderboard tiers. Smaller alpha = earlier tiers carry less value, late tiers concentrate the payout (back-loaded). Larger alpha = the opposite (front-loaded leaderboard payout)","alpha used to distribute the cumulative XP TARGETS across the 20 leaderboard tiers. Smaller alpha = early tiers are cheap, top tiers require a huge XP grind. Larger alpha = the climb is steeper at the start, milder at the top",Reward item id awarded at the 1st leaderboard tier (only used when Leaderboard ? = TRUE),Reward item id awarded at the 2nd leaderboard tier,Reward item id awarded at the 3rd leaderboard tier,Reward item id awarded at the 4th leaderboard tier,Reward item id awarded at the 5th leaderboard tier,Reward item id awarded at the 6th leaderboard tier,Reward item id awarded at the 7th leaderboard tier,Reward item id awarded at the 8th leaderboard tier,Reward item id awarded at the 9th leaderboard tier,Reward item id awarded at the 10th leaderboard tier,Reward item id awarded at the 11th leaderboard tier,Reward item id awarded at the 12th leaderboard tier,Reward item id awarded at the 13th leaderboard tier,Reward item id awarded at the 14th leaderboard tier,Reward item id awarded at the 15th leaderboard tier,Reward item id awarded at the 16th leaderboard tier,Reward item id awarded at the 17th leaderboard tier,Reward item id awarded at the 18th leaderboard tier,Reward item id awarded at the 19th leaderboard tier,Reward item id awarded at the 20th leaderboard tier,,Cumulative XP needed to reach the 1st leaderboard tier (computed from XP Total and alpha xp),Cumulative XP needed to reach the 2nd leaderboard tier,Cumulative XP needed to reach the 3rd leaderboard tier,Cumulative XP needed to reach the 4th leaderboard tier,Cumulative XP needed to reach the 5th leaderboard tier,Cumulative XP needed to reach the 6th leaderboard tier,Cumulative XP needed to reach the 7th leaderboard tier,Cumulative XP needed to reach the 8th leaderboard tier,Cumulative XP needed to reach the 9th leaderboard tier,Cumulative XP needed to reach the 10th leaderboard tier,Cumulative XP needed to reach the 11th leaderboard tier,Cumulative XP needed to reach the 12th leaderboard tier,Cumulative XP needed to reach the 13th leaderboard tier,Cumulative XP needed to reach the 14th leaderboard tier,Cumulative XP needed to reach the 15th leaderboard tier,Cumulative XP needed to reach the 16th leaderboard tier,Cumulative XP needed to reach the 17th leaderboard tier,Cumulative XP needed to reach the 18th leaderboard tier,Cumulative XP needed to reach the 19th leaderboard tier,Cumulative XP needed to reach the 20th leaderboard tier,,"Reward item id awarded at the 1st gauge milestone of the event. For multi-world Odysseys the 20 cells are read as 4 milestones x 5 worlds (slots 1-4 = W1, 5-8 = W2, ... 17-20 = W5)",Reward item id awarded at the 2nd gauge milestone,Reward item id awarded at the 3rd gauge milestone,Reward item id awarded at the 4th gauge milestone,Reward item id awarded at the 5th gauge milestone,Reward item id awarded at the 6th gauge milestone,Reward item id awarded at the 7th gauge milestone,Reward item id awarded at the 8th gauge milestone,Reward item id awarded at the 9th gauge milestone,Reward item id awarded at the 10th gauge milestone,Reward item id awarded at the 11th gauge milestone,Reward item id awarded at the 12th gauge milestone,Reward item id awarded at the 13th gauge milestone,Reward item id awarded at the 14th gauge milestone,Reward item id awarded at the 15th gauge milestone,Reward item id awarded at the 16th gauge milestone,Reward item id awarded at the 17th gauge milestone,Reward item id awarded at the 18th gauge milestone,Reward item id awarded at the 19th gauge milestone,Reward item id awarded at the 20th gauge milestone,,Cumulative XP / HC target the player must reach to unlock the 1st gauge reward (per-world: targets reset each world),Cumulative XP / HC target needed to unlock gauge reward #2 (per-world: targets reset each world),Cumulative XP / HC target needed to unlock gauge reward #3 (per-world: targets reset each world),Cumulative XP / HC target needed to unlock gauge reward #4 (per-world: targets reset each world),Cumulative XP / HC target needed to unlock gauge reward #5 (per-world: targets reset each world),Cumulative XP / HC target needed to unlock gauge reward #6 (per-world: targets reset each world),Cumulative XP / HC target needed to unlock gauge reward #7 (per-world: targets reset each world),Cumulative XP / HC target needed to unlock gauge reward #8 (per-world: targets reset each world),Cumulative XP / HC target needed to unlock gauge reward #9 (per-world: targets reset each world),Cumulative XP / HC target needed to unlock gauge reward #10 (per-world: targets reset each world),Cumulative XP / HC target needed to unlock gauge reward #11 (per-world: targets reset each world),Cumulative XP / HC target needed to unlock gauge reward #12 (per-world: targets reset each world),Cumulative XP / HC target needed to unlock gauge reward #13 (per-world: targets reset each world),Cumulative XP / HC target needed to unlock gauge reward #14 (per-world: targets reset each world),Cumulative XP / HC target needed to unlock gauge reward #15 (per-world: targets reset each world),Cumulative XP / HC target needed to unlock gauge reward #16 (per-world: targets reset each world),Cumulative XP / HC target needed to unlock gauge reward #17 (per-world: targets reset each world),Cumulative XP / HC target needed to unlock gauge reward #18 (per-world: targets reset each world),Cumulative XP / HC target needed to unlock gauge reward #19 (per-world: targets reset each world),Cumulative XP / HC target needed to unlock gauge reward #20 (per-world: targets reset each world),,"Power offset applied to the 1st world of this event (positive = easier for the player, negative = harder). Feeds the difficulty / recommended-power formulas","Power offset applied to the 2nd world of this event (positive = easier for the player, negative = harder). Feeds the difficulty / recommended-power formulas","Power offset applied to the 3rd world of this event (positive = easier for the player, negative = harder). Feeds the difficulty / recommended-power formulas","Power offset applied to the 4th world of this event (positive = easier for the player, negative = harder). Feeds the difficulty / recommended-power formulas","Power offset applied to the 5th world of this event (positive = easier for the player, negative = harder). Feeds the difficulty / recommended-power formulas",,"id of the world modifier config applied to this event (e.g. wmc_boost_meadow_small, wmc_allow_common_boost_common). Modifiers are buffs (Pet rarity boost, Specific pet boost) or restrictions (Biome restriction)",Value / multiplier exposed by that modifier (e.g. 120%). #N/A if the modifier doesn't expose a tunable value,"Comma-separated list of rewards we expect a Light persona to reach during this event (30 min base playtime, ~5 min in event). Used as the design target for tuning the gauge / leaderboard","Comma-separated list of rewards we expect a Normal persona to reach during this event (60 min base playtime, ~20 min in event (a.k.a. Regular)). Used as the design target for tuning the gauge / leaderboard","Comma-separated list of rewards we expect a Engaged persona to reach during this event (100 min base playtime, ~60 min in event (a.k.a. Invested)). Used as the design target for tuning the gauge / leaderboard","Comma-separated list of rewards we expect a Elite persona to reach during this event (180 min base playtime, ~120 min in event). Used as the design target for tuning the gauge / leaderboard",Comma-separated list of rewards we expect a player finishing in Bronze (lowest leaderboard tier reached) to claim. Used to size the leaderboard payout block,Comma-separated list of rewards we expect a player finishing in Silver (mid leaderboard tier reached) to claim. Used to size the leaderboard payout block,Comma-separated list of rewards we expect a player finishing in Gold (top leaderboard tier reached) to claim. Used to size the leaderboard payout block,,Quests block (placeholder column - fill if the event ships with quest objectives),Quests block (placeholder column - fill if the event ships with quest objectives),Quests block (placeholder column - fill if the event ships with quest objectives),,GENERATOR / WorldProgressConfig id : unique id of the progression_reward_gauge entry produced for this event,GENERATOR / final_currency_target : total amount of currency required to fully fill the gauge (last milestone target),GENERATOR / currency_id : which currency the gauge tracks (typically currency.xp),GENERATOR / rewards : reward item id granted at this milestone row,GENERATOR / reward_currency_target : currency value at which this specific milestone unlocks,,GENERATOR / World Config id : reference of the world used by this event (e.g. meadow_TLE_config1),GENERATOR / world_tile_config_id : tile layout config to use,GENERATOR / world_random_spawners_config_id : random spawner config (was renamed in 3.2: RandomSpawnersCycle -> WorldRandomSpawnersConfig),GENERATOR / world_resource_config_id : resource availability config (e.g. meadow_resConfig1_hole_TLE),GENERATOR / landmark_config_id : landmarks placement config,GENERATOR / world_enviro_config_id : environment / visual config,GENERATOR / world_resource_drop_config_id : resource drop rates config,"GENERATOR / biome_ids : biome ids the world is built from (meadow, sea, savanna, forest, jungle)",GENERATOR / tile_count : number of tiles in the generated world,GENERATOR / world_modifier_config_id : modifier config applied to the world (matches the Modifier id column),,GENERATOR / WorldEvent id : unique id of the generated WorldEvent (e.g. TLE_1_Meadow_1),GENERATOR / world_config_id : reference to the World Config block above,GENERATOR / progression_config_id : reference to the WorldProgressConfig (gauge) used by this WorldEvent,GENERATOR / use_dynamic_world_coins : TRUE = scale coin rewards dynamically with the player's current MainWorld coin multiplier ; FALSE = use fixed values,GENERATOR / world_coins_multiplier : multiplier applied to coin rewards (offset added to the dynamic multiplier when use_dynamic_world_coins = TRUE),GENERATOR / use_dynamic_world_progress_currency : TRUE = scale gauge currency dynamically with the player's MainWorld progress currency multiplier ; FALSE = fixed values,GENERATOR / world_progress_currency_multiplier : multiplier applied to gauge currency (offset added to the dynamic multiplier when use_dynamic_world_progress_currency = TRUE),"GENERATOR / game_page : screen the event is hosted on (e.g. WorldRushPage, EventPage)","GENERATOR / event_duration : duration in seconds (-1 = no automatic end, controlled by the schedule remote settings)",GENERATOR / use_dynamic_power : TRUE = compute world_recommended_power = bonus + teamPower + (additional_power x 6) at event start ; FALSE = use fixed world_power,GENERATOR / additional_power : extra power offset added on top of the dynamic baseline (matches the Difficulty Power columns),GENERATOR / world_power : baseline world power used when use_dynamic_power = FALSE,GENERATOR / world_recommended_power : recommended power displayed to the player on the event card,GENERATOR / behavior : event behavior class (e.g. WorldRushBehavior),GENERATOR / eventCardViewId : view id of the card shown in the events list (e.g. eventCard_bossRush_view),GENERATOR / eventRulesViewId : view id of the rules popup,GENERATOR / eventPopupViewId : view id of the start / end popup,,GENERATOR / eventContentList id : id of the parent event group this WorldEvent belongs to (e.g. TLE_1_Meadow). Same id is shared across the 5 WorldEvents of an Odyssey,GENERATOR / content_id : id of the WorldEvent included in the group (matches the WorldEvent id column). Leaderboard entries use the leaderboard id,"GENERATOR / progression_order : order in which this WorldEvent is played within the group (1, 2, 3, 4, 5 for an Odyssey ; 0 for a leaderboard entry)",
Parameters,,,Event,Generate new new WorldProgress ?,World Gauge Rewards Repartition,Leaderboard ?,,W1,W2,W3,W4,W5,W1,W2,W3,W4,W5,,W1,W2,W3,W4,W5,W1,W2,W3,W4,W5,,W1,W2,W3,W4,W5,,Gauge total Reward Value,Leaderboard total rewards value,XP Total,alpha reward,alpha xp,1,2,3,4,5,6,7,8,9,10,11,12,13,14,15,16,17,18,19,20,,1,2,3,4,5,6,7,8,9,10,11,12,13,14,15,16,17,18,19,20,,1st Reward,2nd Reward,3rd Reward,4th Reward,5th Reward,6th Reward,7th Reward,8th Reward,9th Reward,10th Reward,11th Reward,12th Reward,13th Reward,14th Reward,15th Reward,16th Reward,17th Reward,18th Reward,19th Reward,20th Reward,,1st Reward,2nd Reward,3rd Reward,4th Reward,5th Reward,6th Reward,7th Reward,8th Reward,9th Reward,10th Reward,11th Reward,12th Reward,13th Reward,14th Reward,15th Reward,16th Reward,17th Reward,18th Reward,19th Reward,20th Reward,,1st World,2nd World,3nd World,4st World,5st World,,id,value,Light,Normal,Engaged,Elite,Bronze,Silver,Gold,,,,,,TLE_1_Meadow_1_progression_reward_gauge,1572,currency.xp,candy_meadow,151,,,,,,,,,,,,,TLE_1_Meadow_1,meadow_TLE_config1,TLE_1_Meadow_1_progression_reward_gauge,FALSE,0,FALSE,1,WorldRushPage,-1,TRUE,24,2000,2000,WorldRushBehavior,eventCard_bossRush_view,eventRules_bossRush_view,eventPopup_bossRush_view,,TLE_1_Meadow,TLE_1_Meadow_1,1,
Time to finish gauge (minutes),125,,TLE 1 Meadow,TRUE,4,FALSE,,1.75,1.1,1,0.75,0.5,2000,,,,,,1.25,1.1,1,0.75,0.5,1572,,,,,,1,2,4,8,16,,2000,,1000000,0.4,0.5,,,,,,,,,,,,,,,,,,,,,,,,,,,,,,,,,,,,,,,,,,,candy_meadow,egg_epic,random_candy_big,egg_legendary,,,,,,,,,,,,,,,,,,151,339,478,604,,,,,,,,,,,,,,,,,,-24,,,,,,,,,"candy_meadow, egg_epic","candy_meadow, egg_epic, random_candy_big, egg_legendary","candy_meadow, egg_epic, random_candy_big, egg_legendary","candy_meadow, egg_epic, random_candy_big, egg_legendary","candy_meadow, egg_epic, random_candy_big, egg_legendary","candy_meadow, egg_epic, random_candy_big, egg_legendary",,,,,,TLE_1_Meadow_1_progression_reward_gauge,1572,currency.xp,egg_epic,490,,meadow_TLE_config1,TLE,TLE,meadow_resConfig1_hole_TLE,base,meadow,TLE_base,meadow,60,wmc_boost_meadow_small,,TLE_2_Meadow_1,meadow_TLE_config1,TLE_2_Meadow_1_progression_reward_gauge,FALSE,0,FALSE,1,WorldRushPage,-1,TRUE,-10,2000,2000,WorldRushBehavior,eventCard_bossRush_view,eventRules_bossRush_view,eventPopup_bossRush_view,,TLE_2_Meadow,TLE_2_Meadow_1,1,
Time to finish leaderboard (minutes),206,,TLE 2 Meadow,TRUE,4 - 2 - 4 - 3 - 5,TRUE,,1.75,1.1,1,0.75,0.5,2000,1500,2000,1750,2250,,1.25,1.1,1,0.75,0.5,1572,590,1572,1111,1989,,1,2,4,8,16,,10000,3296,1000000,0.4,0.5,shards_5,shards_5,shards_5,shards_5,shards_5,100_coins,medium_gems,egg_common,medium_potion,small_coins,small_coins,medium_coins,egg_rare,big_coins,big_coins,big_coins,big_coins,egg_epic,egg_epic,random_candy_big,,6667,7018,8070,9825,12281,15439,19298,23860,29123,35088,41754,49123,57193,65965,75439,85614,96491,108070,120351,133333,,candy_meadow,egg_epic,random_candy_big,egg_legendary,big_coins,egg_legendary,big_coins,egg_epic,random_candy_big,egg_legendary,big_coins,random_candy_big,egg_legendary,big_coins,big_coins,egg_epic,random_candy_big,egg_legendary,,,,151,339,478,604,118,472,157,314,472,629,155,338,618,187,222,328,503,749,,,,10,-24,-57,-90,-124,,,,"candy_meadow, egg_epic, random_candy_big","candy_meadow, egg_epic, random_candy_big, egg_legendary, big_coins, egg_legendary, big_coins, egg_epic, random_candy_big, egg_legendary","candy_meadow, egg_epic, random_candy_big, egg_legendary, big_coins, egg_legendary, big_coins, egg_epic, random_candy_big, egg_legendary, big_coins, random_candy_big, egg_legendary, big_coins, big_coins, egg_epic, random_candy_big","candy_meadow, egg_epic, random_candy_big, egg_legendary, big_coins, egg_legendary, big_coins, egg_epic, random_candy_big, egg_legendary, big_coins, random_candy_big, egg_legendary, big_coins, big_coins, egg_epic, random_candy_big, egg_legendary","candy_meadow, egg_epic, random_candy_big, egg_legendary, big_coins, egg_legendary, big_coins, egg_epic, random_candy_big, egg_legendary, big_coins, random_candy_big, egg_legendary, big_coins, big_coins, egg_epic, random_candy_big, egg_legendary","candy_meadow, egg_epic, random_candy_big, egg_legendary, big_coins, egg_legendary, big_coins, egg_epic, random_candy_big, egg_legendary, big_coins, random_candy_big, egg_legendary, big_coins, big_coins, egg_epic, random_candy_big, egg_legendary","candy_meadow, egg_epic, random_candy_big, egg_legendary, big_coins, egg_legendary, big_coins, egg_epic, random_candy_big, egg_legendary, big_coins, random_candy_big, egg_legendary, big_coins, big_coins, egg_epic, random_candy_big, egg_legendary",,,,,,TLE_1_Meadow_1_progression_reward_gauge,1572,currency.xp,random_candy_big,968,,sea_TLE_config1,TLE,TLE,sea_resConfig1_log_TLE,base,sea,TLE_base,sea,60,wmc_allow_common_boost_common,,TLE_2_Meadow_2,meadow_TLE_config1,TLE_2_Meadow_2_progression_reward_gauge,FALSE,0,FALSE,2,WorldRushPage,-1,TRUE,24,2000,2000,WorldRushBehavior,eventCard_bossRush_view,eventRules_bossRush_view,eventPopup_bossRush_view,,TLE_2_Meadow,TLE_2_Meadow_2,2,
HC/Minutes (To Be Challenged),16,,TLE 1 Savanna,TRUE,4,FALSE,,1.75,1.1,1,0.75,0.5,2000,,,,,,1.25,1.1,1,0.75,0.5,1572,,,,,,1,2,4,8,16,,2000,,1000000,0.4,0.5,,,,,,,,,,,,,,,,,,,,,,,,,,,,,,,,,,,,,,,,,,,candy_savanna,egg_epic,random_candy_big,egg_legendary,,,,,,,,,,,,,,,,,,151,339,478,604,,,,,,,,,,,,,,,,,,-24,,,,,,,,,"candy_savanna, egg_epic","candy_savanna, egg_epic, random_candy_big, egg_legendary","candy_savanna, egg_epic, random_candy_big, egg_legendary","candy_savanna, egg_epic, random_candy_big, egg_legendary","candy_savanna, egg_epic, random_candy_big, egg_legendary","candy_savanna, egg_epic, random_candy_big, egg_legendary",,,,,,TLE_1_Meadow_1_progression_reward_gauge,1572,currency.xp,egg_legendary,1572,,forest_TLE_config1,TLE,TLE,forest_resConfig1_hole_TLE,base,forest,TLE_base,forest,60,wmc_boost_common_high_rarebuff,,TLE_2_Meadow_3,meadow_TLE_config1,TLE_2_Meadow_3_progression_reward_gauge,FALSE,0,FALSE,4,WorldRushPage,-1,TRUE,57,2000,2000,WorldRushBehavior,eventCard_bossRush_view,eventRules_bossRush_view,eventPopup_bossRush_view,,TLE_2_Meadow,TLE_2_Meadow_3,3,
Progression of rewards for the leaderboard (alpha),5,,TLE 2 Savanna,TRUE,4 - 3 - 4 - 2 - 5,TRUE,,1.75,1.1,1,0.75,0.5,2000,1750,2000,1500,2250,,1.25,1.1,1,0.75,0.5,1572,1111,1572,590,1989,,1,2,4,8,16,,10000,3296,1000000,0.4,0.5,shards_5,shards_5,shards_5,shards_5,shards_5,100_coins,medium_gems,egg_common,medium_potion,small_coins,small_coins,medium_coins,egg_rare,big_coins,big_coins,big_coins,big_coins,egg_epic,egg_epic,random_candy_big,,6667,7018,8070,9825,12281,15439,19298,23860,29123,35088,41754,49123,57193,65965,75439,85614,96491,108070,120351,133333,,candy_savanna,egg_epic,random_candy_big,egg_legendary,big_coins,random_candy_big,egg_legendary,big_coins,egg_epic,random_candy_big,egg_legendary,big_coins,egg_legendary,big_coins,big_coins,egg_epic,random_candy_big,egg_legendary,,,,151,339,478,604,146,380,585,157,314,472,629,118,472,187,222,328,503,749,,,,10,-24,-57,-90,-124,,,,"candy_savanna, egg_epic, random_candy_big","candy_savanna, egg_epic, random_candy_big, egg_legendary, big_coins, random_candy_big, egg_legendary, big_coins, egg_epic","candy_savanna, egg_epic, random_candy_big, egg_legendary, big_coins, random_candy_big, egg_legendary, big_coins, egg_epic, random_candy_big, egg_legendary, big_coins, egg_legendary, big_coins, big_coins, egg_epic, random_candy_big, egg_legendary","candy_savanna, egg_epic, random_candy_big, egg_legendary, big_coins, random_candy_big, egg_legendary, big_coins, egg_epic, random_candy_big, egg_legendary, big_coins, egg_legendary, big_coins, big_coins, egg_epic, random_candy_big, egg_legendary","candy_savanna, egg_epic, random_candy_big, egg_legendary, big_coins, random_candy_big, egg_legendary, big_coins, egg_epic, random_candy_big, egg_legendary, big_coins, egg_legendary, big_coins, big_coins, egg_epic, random_candy_big, egg_legendary","candy_savanna, egg_epic, random_candy_big, egg_legendary, big_coins, random_candy_big, egg_legendary, big_coins, egg_epic, random_candy_big, egg_legendary, big_coins, egg_legendary, big_coins, big_coins, egg_epic, random_candy_big, egg_legendary","candy_savanna, egg_epic, random_candy_big, egg_legendary, big_coins, random_candy_big, egg_legendary, big_coins, egg_epic, random_candy_big, egg_legendary, big_coins, egg_legendary, big_coins, big_coins, egg_epic, random_candy_big, egg_legendary",,,,,,TLE_2_Meadow_1_progression_reward_gauge,1572,currency.xp,candy_meadow,151,,savanna_TLE_config1,TLE,TLE,savanna_resConfig1_log_TLE,base,savanna,TLE_base,savanna,60,wmc_boost_savana_high_legendarybuff,,TLE_2_Meadow_4,meadow_TLE_config1,TLE_2_Meadow_4_progression_reward_gauge,FALSE,0,FALSE,8,WorldRushPage,-1,TRUE,90,2000,2000,WorldRushBehavior,eventCard_bossRush_view,eventRules_bossRush_view,eventPopup_bossRush_view,,TLE_2_Meadow,TLE_2_Meadow_4,4,
Start Difficulty (s),2,,TLE 1 Sea,FALSE,4,FALSE,,1.75,1.1,1,0.75,0.5,2000,,,,,,1.25,1.1,1,0.75,0.5,1572,,,,,,1,2,4,8,16,,2000,,1000000,0.4,0.5,,,,,,,,,,,,,,,,,,,,,,,,,,,,,,,,,,,,,,,,,,,candy_sea,egg_epic,random_candy_big,egg_legendary,,,,,,,,,,,,,,,,,,151,339,478,604,,,,,,,,,,,,,,,,,,-24,,,,,,,,,"candy_sea, egg_epic","candy_sea, egg_epic, random_candy_big, egg_legendary","candy_sea, egg_epic, random_candy_big, egg_legendary","candy_sea, egg_epic, random_candy_big, egg_legendary","candy_sea, egg_epic, random_candy_big, egg_legendary","candy_sea, egg_epic, random_candy_big, egg_legendary",,,,,,TLE_2_Meadow_1_progression_reward_gauge,1572,currency.xp,egg_epic,490,,jungle_TLE_config1,TLE,TLE,jungle_resConfig1_log_TLE,base,jungle,TLE_base,jungle,60,wmc_allow_common_rare,,TLE_2_Meadow_5,meadow_TLE_config1,TLE_2_Meadow_5_progression_reward_gauge,FALSE,0,FALSE,16,WorldRushPage,-1,TRUE,124,2000,2000,WorldRushBehavior,eventCard_bossRush_view,eventRules_bossRush_view,eventPopup_bossRush_view,,TLE_2_Meadow,TLE_2_Meadow_5,5,
Growth from worlds (s),10,,TLE 2 Sea,TRUE,4 - 3 - 3 - 3 - 6,TRUE,,1.75,1.1,1,0.75,0.5,2000,1500,2000,1500,2500,,1.25,1.1,1,0.75,0.5,1572,1111,1111,1111,2374,,1,2,4,8,16,,10000,3296,1000000,0.4,0.5,shards_5,shards_5,shards_5,shards_5,shards_5,100_coins,medium_gems,egg_common,medium_potion,small_coins,small_coins,medium_coins,egg_rare,big_coins,big_coins,big_coins,big_coins,egg_epic,egg_epic,random_candy_big,,6667,7018,8070,9825,12281,15439,19298,23860,29123,35088,41754,49123,57193,65965,75439,85614,96491,108070,120351,133333,,candy_sea,egg_epic,random_candy_big,egg_legendary,big_coins,random_candy_big,egg_legendary,big_coins,random_candy_big,egg_legendary,big_coins,egg_epic,egg_legendary,big_coins,big_coins,big_coins,egg_epic,random_candy_big,egg_legendary,,,151,339,478,604,146,380,585,148,370,593,155,338,618,188,211,279,392,550,754,,,10,-24,-57,-90,-124,,,,"candy_sea, egg_epic, random_candy_big","candy_sea, egg_epic, random_candy_big, egg_legendary, big_coins, random_candy_big, egg_legendary, big_coins, random_candy_big","candy_sea, egg_epic, random_candy_big, egg_legendary, big_coins, random_candy_big, egg_legendary, big_coins, random_candy_big, egg_legendary, big_coins, egg_epic, egg_legendary, big_coins, big_coins, big_coins, egg_epic, random_candy_big, egg_legendary","candy_sea, egg_epic, random_candy_big, egg_legendary, big_coins, random_candy_big, egg_legendary, big_coins, random_candy_big, egg_legendary, big_coins, egg_epic, egg_legendary, big_coins, big_coins, big_coins, egg_epic, random_candy_big, egg_legendary","candy_sea, egg_epic, random_candy_big, egg_legendary, big_coins, random_candy_big, egg_legendary, big_coins, random_candy_big, egg_legendary, big_coins, egg_epic, egg_legendary, big_coins, big_coins, big_coins, egg_epic, random_candy_big, egg_legendary","candy_sea, egg_epic, random_candy_big, egg_legendary, big_coins, random_candy_big, egg_legendary, big_coins, random_candy_big, egg_legendary, big_coins, egg_epic, egg_legendary, big_coins, big_coins, big_coins, egg_epic, random_candy_big, egg_legendary","candy_sea, egg_epic, random_candy_big, egg_legendary, big_coins, random_candy_big, egg_legendary, big_coins, random_candy_big, egg_legendary, big_coins, egg_epic, egg_legendary, big_coins, big_coins, big_coins, egg_epic, random_candy_big, egg_legendary",,,,,,TLE_2_Meadow_1_progression_reward_gauge,1572,currency.xp,random_candy_big,968,,,,,,,,,,,,,TLE_1_Savanna_1,savanna_TLE_config1,TLE_1_Savanna_1_progression_reward_gauge,FALSE,0,FALSE,1,WorldRushPage,-1,TRUE,24,2000,2000,WorldRushBehavior,eventCard_bossRush_view,eventRules_bossRush_view,eventPopup_bossRush_view,,TLE_1_Savanna,TLE_1_Savanna_1,1,
First rewards,125,,TLE 1 Forest,FALSE,4,FALSE,,1.75,1.1,1,0.75,0.5,2000,,,,,,1.25,1.1,1,0.75,0.5,1572,,,,,,1,2,4,8,16,,2000,,1000000,0.4,0.5,,,,,,,,,,,,,,,,,,,,,,,,,,,,,,,,,,,,,,,,,,,candy_forest,egg_epic,random_candy_big,egg_legendary,,,,,,,,,,,,,,,,,,151,339,478,604,,,,,,,,,,,,,,,,,,-24,,,,,,,,,"candy_forest, egg_epic","candy_forest, egg_epic, random_candy_big, egg_legendary","candy_forest, egg_epic, random_candy_big, egg_legendary","candy_forest, egg_epic, random_candy_big, egg_legendary","candy_forest, egg_epic, random_candy_big, egg_legendary","candy_forest, egg_epic, random_candy_big, egg_legendary",,,,,,TLE_2_Meadow_1_progression_reward_gauge,1572,currency.xp,egg_legendary,1572,,,,,,,,,,,,,TLE_2_Savanna_1,savanna_TLE_config1,TLE_2_Savanna_1_progression_reward_gauge,FALSE,0,FALSE,1,WorldRushPage,-1,TRUE,-10,2000,2000,WorldRushBehavior,eventCard_bossRush_view,eventRules_bossRush_view,eventPopup_bossRush_view,,TLE_2_Savanna,TLE_2_Savanna_1,1,
Last rewards,500,,TLE 2 Forest,FALSE,4 - 2 - 4 - 3 - 5,TRUE,,1.75,1.1,1,0.75,0.5,2000,1500,2000,1500,2000,,1.25,1.1,1,0.75,0.5,1572,590,1572,1111,1989,,1,2,4,8,16,,10000,3296,1000000,0.4,0.5,shards_5,shards_5,shards_5,shards_5,shards_5,100_coins,medium_gems,egg_common,medium_potion,small_coins,small_coins,medium_coins,egg_rare,big_coins,big_coins,big_coins,big_coins,egg_epic,egg_epic,random_candy_big,,6667,7018,8070,9825,12281,15439,19298,23860,29123,35088,41754,49123,57193,65965,75439,85614,96491,108070,120351,133333,,candy_forest,egg_epic,random_candy_big,egg_legendary,big_coins,egg_legendary,big_coins,egg_epic,random_candy_big,egg_legendary,big_coins,random_candy_big,egg_legendary,big_coins,big_coins,egg_epic,random_candy_big,egg_legendary,,,,151,339,478,604,118,472,157,314,472,629,155,338,618,187,222,328,503,749,,,,10,-24,-57,-90,-124,,,,"candy_forest, egg_epic, random_candy_big","candy_forest, egg_epic, random_candy_big, egg_legendary, big_coins, egg_legendary, big_coins, egg_epic, random_candy_big, egg_legendary","candy_forest, egg_epic, random_candy_big, egg_legendary, big_coins, egg_legendary, big_coins, egg_epic, random_candy_big, egg_legendary, big_coins, random_candy_big, egg_legendary, big_coins, big_coins, egg_epic, random_candy_big","candy_forest, egg_epic, random_candy_big, egg_legendary, big_coins, egg_legendary, big_coins, egg_epic, random_candy_big, egg_legendary, big_coins, random_candy_big, egg_legendary, big_coins, big_coins, egg_epic, random_candy_big, egg_legendary","candy_forest, egg_epic, random_candy_big, egg_legendary, big_coins, egg_legendary, big_coins, egg_epic, random_candy_big, egg_legendary, big_coins, random_candy_big, egg_legendary, big_coins, big_coins, egg_epic, random_candy_big, egg_legendary","candy_forest, egg_epic, random_candy_big, egg_legendary, big_coins, egg_legendary, big_coins, egg_epic, random_candy_big, egg_legendary, big_coins, random_candy_big, egg_legendary, big_coins, big_coins, egg_epic, random_candy_big, egg_legendary","candy_forest, egg_epic, random_candy_big, egg_legendary, big_coins, egg_legendary, big_coins, egg_epic, random_candy_big, egg_legendary, big_coins, random_candy_big, egg_legendary, big_coins, big_coins, egg_epic, random_candy_big, egg_legendary",,,,,,TLE_2_Meadow_2_progression_reward_gauge,2162,currency.xp,big_coins,1690,,,,,,,,,,,,,TLE_2_Savanna_2,savanna_TLE_config1,TLE_2_Savanna_2_progression_reward_gauge,FALSE,0,FALSE,2,WorldRushPage,-1,TRUE,24,2000,2000,WorldRushBehavior,eventCard_bossRush_view,eventRules_bossRush_view,eventPopup_bossRush_view,,TLE_2_Savanna,TLE_2_Savanna_2,2,
Reward quest Hard,2600,,TLE 1 Jungle,FALSE,4,FALSE,,1.75,1.1,1,0.75,0.5,2000,,,,,,1.25,1.1,1,0.75,0.5,1572,,,,,,1,2,4,8,16,,2000,,1000000,0.4,0.5,,,,,,,,,,,,,,,,,,,,,,,,,,,,,,,,,,,,,,,,,,,candy_jungle,egg_epic,random_candy_big,egg_legendary,,,,,,,,,,,,,,,,,,151,339,478,604,,,,,,,,,,,,,,,,,,-24,,,,,,,,,"candy_jungle, egg_epic","candy_jungle, egg_epic, random_candy_big, egg_legendary","candy_jungle, egg_epic, random_candy_big, egg_legendary","candy_jungle, egg_epic, random_candy_big, egg_legendary","candy_jungle, egg_epic, random_candy_big, egg_legendary","candy_jungle, egg_epic, random_candy_big, egg_legendary",,,,,,TLE_2_Meadow_2_progression_reward_gauge,2162,currency.xp,egg_legendary,2162,,,,,,,,,,,,,TLE_2_Savanna_3,savanna_TLE_config1,TLE_2_Savanna_3_progression_reward_gauge,FALSE,0,FALSE,4,WorldRushPage,-1,TRUE,57,2000,2000,WorldRushBehavior,eventCard_bossRush_view,eventRules_bossRush_view,eventPopup_bossRush_view,,TLE_2_Savanna,TLE_2_Savanna_3,3,
Reward quest Medium,2200,,TLE 2 Jungle,FALSE,4 - 2 - 4 - 3 - 5,TRUE,,1.75,1.1,1,0.75,0.5,2000,1500,2000,1500,2000,,1.25,1.1,1,0.75,0.5,1572,590,1572,1111,1989,,1,2,4,8,16,,10000,3296,1000000,0.4,0.5,shards_5,shards_5,shards_5,shards_5,shards_5,100_coins,medium_gems,egg_common,medium_potion,small_coins,small_coins,medium_coins,egg_rare,big_coins,big_coins,big_coins,big_coins,egg_epic,egg_epic,random_candy_big,,6667,7018,8070,9825,12281,15439,19298,23860,29123,35088,41754,49123,57193,65965,75439,85614,96491,108070,120351,133333,,candy_jungle,egg_epic,random_candy_big,egg_legendary,big_coins,egg_legendary,big_coins,egg_epic,random_candy_big,egg_legendary,big_coins,random_candy_big,egg_legendary,big_coins,big_coins,egg_epic,random_candy_big,egg_legendary,,,,151,339,478,604,118,472,157,314,472,629,155,338,618,187,222,328,503,749,,,,10,-24,-57,-90,-124,,,,"candy_jungle, egg_epic, random_candy_big","candy_jungle, egg_epic, random_candy_big, egg_legendary, big_coins, egg_legendary, big_coins, egg_epic, random_candy_big, egg_legendary","candy_jungle, egg_epic, random_candy_big, egg_legendary, big_coins, egg_legendary, big_coins, egg_epic, random_candy_big, egg_legendary, big_coins, random_candy_big, egg_legendary, big_coins, big_coins, egg_epic, random_candy_big","candy_jungle, egg_epic, random_candy_big, egg_legendary, big_coins, egg_legendary, big_coins, egg_epic, random_candy_big, egg_legendary, big_coins, random_candy_big, egg_legendary, big_coins, big_coins, egg_epic, random_candy_big, egg_legendary","candy_jungle, egg_epic, random_candy_big, egg_legendary, big_coins, egg_legendary, big_coins, egg_epic, random_candy_big, egg_legendary, big_coins, random_candy_big, egg_legendary, big_coins, big_coins, egg_epic, random_candy_big, egg_legendary","candy_jungle, egg_epic, random_candy_big, egg_legendary, big_coins, egg_legendary, big_coins, egg_epic, random_candy_big, egg_legendary, big_coins, random_candy_big, egg_legendary, big_coins, big_coins, egg_epic, random_candy_big, egg_legendary","candy_jungle, egg_epic, random_candy_big, egg_legendary, big_coins, egg_legendary, big_coins, egg_epic, random_candy_big, egg_legendary, big_coins, random_candy_big, egg_legendary, big_coins, big_coins, egg_epic, random_candy_big, egg_legendary",,,,,,TLE_2_Meadow_3_progression_reward_gauge,3734,currency.xp,big_coins,2319,,,,,,,,,,,,,TLE_2_Savanna_4,savanna_TLE_config1,TLE_2_Savanna_4_progression_reward_gauge,FALSE,0,FALSE,8,WorldRushPage,-1,TRUE,90,2000,2000,WorldRushBehavior,eventCard_bossRush_view,eventRules_bossRush_view,eventPopup_bossRush_view,,TLE_2_Savanna,TLE_2_Savanna_4,4,
Reward quest Easy,1800,,TLE 3 Meadow,FALSE,4,FALSE,,1.75,1.1,1,0.75,0.5,2000,,,,,,5,,,,,1572,,,,,,1,2,4,8,16,,2000,,1000000,0.4,0.5,,,,,,,,,,,,,,,,,,,,,,,,,,,,,,,,,,,,,,,,,,,candy_meadow,egg_epic,random_candy_big,egg_legendary,,,,,,,,,,,,,,,,,,129,440,486,516,,,,,,,,,,,,,,,,,,-24,,,,,,,,,candy_meadow,"candy_meadow, egg_epic, random_candy_big, egg_legendary","candy_meadow, egg_epic, random_candy_big, egg_legendary","candy_meadow, egg_epic, random_candy_big, egg_legendary","candy_meadow, egg_epic, random_candy_big, egg_legendary","candy_meadow, egg_epic, random_candy_big, egg_legendary",,,,,,TLE_2_Meadow_3_progression_reward_gauge,3734,currency.xp,egg_epic,2634,,,,,,,,,,,,,TLE_2_Savanna_5,savanna_TLE_config1,TLE_2_Savanna_5_progression_reward_gauge,FALSE,0,FALSE,16,WorldRushPage,-1,TRUE,124,2000,2000,WorldRushBehavior,eventCard_bossRush_view,eventRules_bossRush_view,eventPopup_bossRush_view,,TLE_2_Savanna,TLE_2_Savanna_5,5,
Number of Quests on Average,2,,Main 1 Meadow,TRUE,4,FALSE,,1.75,1.1,1,0.75,0.5,2000,,,,,,5,,,,,1572,,,,,,1,2,4,8,16,,2000,,1000000,0.4,0.5,,,,,,,,,,,,,,,,,,,,,,,,,,,,,,,,,,,,,,,,,,,candy_meadow,egg_epic,random_candy_big,egg_legendary,,,,,,,,,,,,,,,,,,129,440,486,516,,,,,,,,,,,,,,,,,,,,,,,,,,,"candy_meadow, egg_epic, random_candy_big, egg_legendary","candy_meadow, egg_epic, random_candy_big, egg_legendary","candy_meadow, egg_epic, random_candy_big, egg_legendary","candy_meadow, egg_epic, random_candy_big, egg_legendary","candy_meadow, egg_epic, random_candy_big, egg_legendary","candy_meadow, egg_epic, random_candy_big, egg_legendary",,,,,,TLE_2_Meadow_3_progression_reward_gauge,3734,currency.xp,random_candy_big,3105,,,,,,,,,,,,,TLE_1_Sea_1,sea_TLE_config1,TLE_1_Meadow_1_progression_reward_gauge,FALSE,0,FALSE,1,WorldRushPage,-1,TRUE,24,2000,2000,WorldRushBehavior,eventCard_bossRush_view,eventRules_bossRush_view,eventPopup_bossRush_view,,TLE_1_Sea,TLE_1_Sea_1,1,
Importance of the quests,60%,,Main 1 Sea,TRUE,4,FALSE,,1.75,1.1,1,0.75,0.5,2000,,,,,,5,,,,,1572,,,,,,1,2,4,8,16,,2000,,1000000,0.4,0.5,,,,,,,,,,,,,,,,,,,,,,,,,,,,,,,,,,,,,,,,,,,candy_sea,egg_epic,random_candy_big,egg_legendary,,,,,,,,,,,,,,,,,,129,440,486,516,,,,,,,,,,,,,,,,,,,,,,,,,,,,,,,,,,,,,,TLE_2_Meadow_3_progression_reward_gauge,3734,currency.xp,egg_legendary,3734,,,,,,,,,,,,,TLE_2_Sea_1,sea_TLE_config1,TLE_2_Sea_1_progression_reward_gauge,FALSE,0,FALSE,1,WorldRushPage,-1,TRUE,-10,2000,2000,WorldRushBehavior,eventCard_bossRush_view,eventRules_bossRush_view,eventPopup_bossRush_view,,TLE_2_Sea,TLE_2_Sea_1,1,
Growth Factor for the Main World,1.002,,Main 1 Forest,TRUE,4,FALSE,,1.75,1.1,1,0.75,0.5,2000,,,,,,5,,,,,1572,,,,,,1,2,4,8,16,,2000,,1000000,0.4,0.5,,,,,,,,,,,,,,,,,,,,,,,,,,,,,,,,,,,,,,,,,,,candy_forest,egg_epic,random_candy_big,egg_legendary,,,,,,,,,,,,,,,,,,129,440,486,516,,,,,,,,,,,,,,,,,,,,,,,,,,,,,,,,,,,,,,TLE_2_Meadow_4_progression_reward_gauge,4845,currency.xp,big_coins,3889,,,,,,,,,,,,,TLE_2_Sea_2,sea_TLE_config1,TLE_2_Sea_2_progression_reward_gauge,FALSE,0,FALSE,2,WorldRushPage,-1,TRUE,24,2000,2000,WorldRushBehavior,eventCard_bossRush_view,eventRules_bossRush_view,eventPopup_bossRush_view,,TLE_2_Sea,TLE_2_Sea_2,2,
Light,3,1,Main 1 Savanna,TRUE,4,FALSE,,1.75,1.1,1,0.75,0.5,2000,,,,,,5,,,,,1572,,,,,,1,2,4,8,16,,2000,,1000000,0.4,0.5,,,,,,,,,,,,,,,,,,,,,,,,,,,,,,,,,,,,,,,,,,,candy_savanna,egg_epic,random_candy_big,egg_legendary,,,,,,,,,,,,,,,,,,129,440,486,516,,,,,,,,,,,,,,,,,,,,,,,,,,,,,,,,,,,,,,TLE_2_Meadow_4_progression_reward_gauge,4845,currency.xp,random_candy_big,4227,,,,,,,,,,,,,TLE_2_Sea_3,sea_TLE_config1,TLE_2_Sea_3_progression_reward_gauge,FALSE,0,FALSE,4,WorldRushPage,-1,TRUE,57,2000,2000,WorldRushBehavior,eventCard_bossRush_view,eventRules_bossRush_view,eventPopup_bossRush_view,,TLE_2_Sea,TLE_2_Sea_3,3,
Normal,15,3.5,Main 1 Cave,TRUE,4,FALSE,,1.75,1.1,1,0.75,0.5,2000,,,,,,5,,,,,1572,,,,,,1,2,4,8,16,,2000,,1000000,0.4,0.5,,,,,,,,,,,,,,,,,,,,,,,,,,,,,,,,,,,,,,,,,,,candy_cave,egg_epic,random_candy_big,egg_legendary,,,,,,,,,,,,,,,,,,129,440,486,516,,,,,,,,,,,,,,,,,,,,,,,,,,,,,,,,,,,,,,TLE_2_Meadow_4_progression_reward_gauge,4845,currency.xp,egg_legendary,4845,,,,,,,,,,,,,TLE_2_Sea_4,sea_TLE_config1,TLE_2_Sea_4_progression_reward_gauge,FALSE,0,FALSE,8,WorldRushPage,-1,TRUE,90,2000,2000,WorldRushBehavior,eventCard_bossRush_view,eventRules_bossRush_view,eventPopup_bossRush_view,,TLE_2_Sea,TLE_2_Sea_4,4,
Engaged,30,4,Main 1 Jungle,TRUE,4,FALSE,,1.75,1.1,1,0.75,0.5,2000,,,,,,5,,,,,1572,,,,,,1,2,4,8,16,,2000,,1000000,0.4,0.5,,,,,,,,,,,,,,,,,,,,,,,,,,,,,,,,,,,,,,,,,,,candy_jungle,egg_epic,random_candy_big,egg_legendary,,,,,,,,,,,,,,,,,,129,440,486,516,,,,,,,,,,,,,,,,,,,,,,,,,,,,,,,,,,,,,,TLE_2_Meadow_5_progression_reward_gauge,6834,currency.xp,big_coins,5032,,,,,,,,,,,,,TLE_2_Sea_5,sea_TLE_config1,TLE_2_Sea_5_progression_reward_gauge,FALSE,0,FALSE,16,WorldRushPage,-1,TRUE,124,2000,2000,WorldRushBehavior,eventCard_bossRush_view,eventRules_bossRush_view,eventPopup_bossRush_view,,TLE_2_Sea,TLE_2_Sea_5,5,
Elite,60,4.5,Main 1 Snow,TRUE,4,FALSE,,1.75,1.1,1,0.75,0.5,2000,,,,,,5,,,,,1572,,,,,,1,2,4,8,16,,2000,,1000000,0.4,0.5,,,,,,,,,,,,,,,,,,,,,,,,,,,,,,,,,,,,,,,,,,,candy_snow,egg_epic,random_candy_big,egg_legendary,,,,,,,,,,,,,,,,,,129,440,486,516,,,,,,,,,,,,,,,,,,,,,,,,,,,,,,,,,,,,,,TLE_2_Meadow_5_progression_reward_gauge,6834,currency.xp,big_coins,5255,,,,,,,,,,,,,TLE_1_Forest_1,forest_TLE_config1,TLE_1_Meadow_1_progression_reward_gauge,FALSE,0,FALSE,1,WorldRushPage,-1,TRUE,24,2000,2000,WorldRushBehavior,eventCard_bossRush_view,eventRules_bossRush_view,eventPopup_bossRush_view,,TLE_1_Forest,TLE_1_Forest_1,1,
Bronze,120,5,mainWorld_1_meadow,TRUE,4,FALSE,,1.75,1.1,1,0.75,0.5,200,,,,,,5,,,,,"1,200",,,,,,1,2,4,8,16,,2000,,1000000,0.4,0.5,,,,,,,,,,,,,,,,,,,,,,,,,,,,,,,,,,,,,,,,,,,gems_15,100_coins,egg_common,egg_common,,,,,,,,,,,,,,,,,,99,336,371,394,,,,,,,,,,,,,,,,,,,,,,,,,,,,,,,,,,,,,,TLE_2_Meadow_5_progression_reward_gauge,6834,currency.xp,egg_epic,5582,,,,,,,,,,,,,TLE_2_Forest_1,forest_TLE_config1,TLE_2_Meadow_1_progression_reward_gauge,FALSE,0,FALSE,1,WorldRushPage,-1,TRUE,-10,2000,2000,WorldRushBehavior,eventCard_bossRush_view,eventRules_bossRush_view,eventPopup_bossRush_view,,TLE_2_Forest,TLE_2_Forest_1,1,
Silver,90,6,mainWorld_2_sea,TRUE,4,FALSE,,1.5,1.1,1,0.75,0.5,200,,,,,,5,,,,,"12,000",,,,,,1,2,4,8,16,,2000,,1000000,0.4,0.5,,,,,,,,,,,,,,,,,,,,,,,,,,,,,,,,,,,,,,,,,,,gems_15,100_coins,egg_common,egg_common,,,,,,,,,,,,,,,,,,986,3359,3712,3943,,,,,,,,,,,,,,,,,,,,,,,,,,,,,,,,,,,,,,TLE_2_Meadow_5_progression_reward_gauge,6834,currency.xp,random_candy_big,6085,,,,,,,,,,,,,TLE_2_Forest_2,forest_TLE_config1,TLE_2_Meadow_2_progression_reward_gauge,FALSE,0,FALSE,2,WorldRushPage,-1,TRUE,24,2000,2000,WorldRushBehavior,eventCard_bossRush_view,eventRules_bossRush_view,eventPopup_bossRush_view,,TLE_2_Forest,TLE_2_Forest_2,2,
Gold,130,7,mainWorld_3_forest,TRUE,4,FALSE,,1.25,1.1,1,0.75,0.5,201,,,,,,5,,,,,"20,000",,,,,,1,2,4,8,16,,2000,,1000000,0.4,0.5,,,,,,,,,,,,,,,,,,,,,,,,,,,,,,,,,,,,,,,,,,,50_coins,100_coins,egg_common,medium_potion,,,,,,,,,,,,,,,,,,1643,5599,6187,6571,,,,,,,,,,,,,,,,,,,,,,,,,,,,,,,,,,,,,,TLE_2_Meadow_5_progression_reward_gauge,6834,currency.xp,egg_legendary,6834,,,,,,,,,,,,,TLE_2_Forest_3,forest_TLE_config1,TLE_2_Meadow_3_progression_reward_gauge,FALSE,0,FALSE,4,WorldRushPage,-1,TRUE,57,2000,2000,WorldRushBehavior,eventCard_bossRush_view,eventRules_bossRush_view,eventPopup_bossRush_view,,TLE_2_Forest,TLE_2_Forest_3,3,
Golden,280,,mainWorld_4_meadow,TRUE,4,FALSE,,1,1.1,1,0.75,0.5,203,,,,,,5,,,,,"56,000",,,,,,1,2,4,8,16,,2000,,1000000,0.4,0.5,,,,,,,,,,,,,,,,,,,,,,,,,,,,,,,,,,,,,,,,,,,50_coins,100_coins,egg_common,medium_potion,,,,,,,,,,,,,,,,,,4600,15677,17324,18399,,,,,,,,,,,,,,,,,,,,,,,,,,,,,,,,,,,,,,TLE_1_Savanna_1_progression_reward_gauge,1572,currency.xp,candy_savanna,151,,,,,,,,,,,,,TLE_2_Forest_4,forest_TLE_config1,TLE_2_Meadow_4_progression_reward_gauge,FALSE,0,FALSE,8,WorldRushPage,-1,TRUE,90,2000,2000,WorldRushBehavior,eventCard_bossRush_view,eventRules_bossRush_view,eventPopup_bossRush_view,,TLE_2_Forest,TLE_2_Forest_4,4,
Heavy,67,,mainWorld_5_sea&forest,TRUE,4,FALSE,,0.75,1.1,1,0.75,0.5,205,,,,,,5,,,,,"90,000",,,,,,1,2,4,8,16,,2000,,10000,0.4,0.5,,,,,,,,,,,,,,,,,,,,,,,,,,,,,,,,,,,,,,,,,,,50_coins,shards_5,egg_common,medium_potion,,,,,,,,,,,,,,,,,,7392,25195,27842,29570,,,,,,,,,,,,,,,,,,,,,,,,,,,,,,,,,,,,,,TLE_1_Savanna_1_progression_reward_gauge,1572,currency.xp,egg_epic,490,,,,,,,,,,,,,TLE_2_Forest_5,forest_TLE_config1,TLE_2_Meadow_5_progression_reward_gauge,FALSE,0,FALSE,16,WorldRushPage,-1,TRUE,124,2000,2000,WorldRushBehavior,eventCard_bossRush_view,eventRules_bossRush_view,eventPopup_bossRush_view,,TLE_2_Forest,TLE_2_Forest_5,5,
Medium,20,,mainWorld_6_forest&meadow,TRUE,4,FALSE,,0.5,1.1,1,0.75,0.5,207,,,,,,5,,,,,"180,000",,,,,,1,2,4,8,16,,2000,,10000,0.4,0.5,,,,,,,,,,,,,,,,,,,,,,,,,,,,,,,,,,,,,,,,,,,shards_5,shards_5,medium_gems,small_coins,,,,,,,,,,,,,,,,,,14785,50390,55685,59140,,,,,,,,,,,,,,,,,,,,,,,,,,,,,,,,,,,,,,TLE_1_Savanna_1_progression_reward_gauge,1572,currency.xp,random_candy_big,968,,,,,,,,,,,,,TLE_1_Jungle_1,jungle_TLE_config1,TLE_1_Meadow_1_progression_reward_gauge,FALSE,0,FALSE,1,WorldRushPage,-1,TRUE,24,2000,2000,WorldRushBehavior,eventCard_bossRush_view,eventRules_bossRush_view,eventPopup_bossRush_view,,TLE_1_Jungle,TLE_1_Jungle_1,1,
Small,3,,mainWorld_7_savanna,TRUE,4,FALSE,,1.75,1.1,1,0.75,0.5,210,,,,,,5,,,,,"205,000",,,,,,1,2,4,8,16,,2000,,10000,0.4,0.5,,,,,,,,,,,,,,,,,,,,,,,,,,,,,,,,,,,,,,,,,,,50_coins,medium_gems,egg_common,medium_potion,,,,,,,,,,,,,,,,,,16838,57389,63419,67354,,,,,,,,,,,,,,,,,,,,,,,,,,,,,,,,,,,,,,TLE_1_Savanna_1_progression_reward_gauge,1572,currency.xp,egg_legendary,1572,,,,,,,,,,,,,TLE_2_Jungle_1,jungle_TLE_config1,TLE_2_Meadow_1_progression_reward_gauge,FALSE,0,FALSE,1,WorldRushPage,-1,TRUE,-10,2000,2000,WorldRushBehavior,eventCard_bossRush_view,eventRules_bossRush_view,eventPopup_bossRush_view,,TLE_2_Jungle,TLE_2_Jungle_1,1,
Tiny,2,,mainWorld_8_sea&savanna,TRUE,4,FALSE,,1.5,1.1,1,0.75,0.5,213,,,,,,5,,,,,"230,000",,,,,,1,2,4,8,16,,2000,,10000,0.4,0.5,,,,,,,,,,,,,,,,,,,,,,,,,,,,,,,,,,,,,,,,,,,50_coins,medium_gems,egg_common,medium_potion,,,,,,,,,,,,,,,,,,18892,64388,71153,75567,,,,,,,,,,,,,,,,,,,,,,,,,,,,,,,,,,,,,,TLE_2_Savanna_1_progression_reward_gauge,1572,currency.xp,candy_savanna,151,,,,,,,,,,,,,TLE_2_Jungle_2,jungle_TLE_config1,TLE_2_Meadow_2_progression_reward_gauge,FALSE,0,FALSE,2,WorldRushPage,-1,TRUE,24,2000,2000,WorldRushBehavior,eventCard_bossRush_view,eventRules_bossRush_view,eventPopup_bossRush_view,,TLE_2_Jungle,TLE_2_Jungle_2,2,
Giga,205,,mainWorld_9_sea,TRUE,4,FALSE,,1.25,1.1,1,0.75,0.5,217,,,,,,5,,,,,"255,000",,,,,,1,2,4,8,16,,2000,,10000,0.4,0.5,,,,,,,,,,,,,,,,,,,,,,,,,,,,,,,,,,,,,,,,,,,50_coins,100_coins,egg_common,medium_potion,,,,,,,,,,,,,,,,,,20945,71386,78887,83781,,,,,,,,,,,,,,,,,,,,,,,,,,,,,,,,,,,,,,TLE_2_Savanna_1_progression_reward_gauge,1572,currency.xp,egg_epic,490,,,,,,,,,,,,,TLE_2_Jungle_3,jungle_TLE_config1,TLE_2_Meadow_3_progression_reward_gauge,FALSE,0,FALSE,4,WorldRushPage,-1,TRUE,57,2000,2000,WorldRushBehavior,eventCard_bossRush_view,eventRules_bossRush_view,eventPopup_bossRush_view,,TLE_2_Jungle,TLE_2_Jungle_3,3,
Special,67,,mainWorld_10_savanna&meadow,TRUE,4,FALSE,,1,1.1,1,0.75,0.5,221,,,,,,5,,,,,"280,000",,,,,,1,2,4,8,16,,2000,,10000,0.4,0.5,,,,,,,,,,,,,,,,,,,,,,,,,,,,,,,,,,,,,,,,,,,50_coins,100_coins,egg_common,medium_potion,,,,,,,,,,,,,,,,,,22999,78385,86621,91995,,,,,,,,,,,,,,,,,,,,,,,,,,,,,,,,,,,,,,TLE_2_Savanna_1_progression_reward_gauge,1572,currency.xp,random_candy_big,968,,,,,,,,,,,,,TLE_2_Jungle_4,jungle_TLE_config1,TLE_2_Meadow_4_progression_reward_gauge,FALSE,0,FALSE,8,WorldRushPage,-1,TRUE,90,2000,2000,WorldRushBehavior,eventCard_bossRush_view,eventRules_bossRush_view,eventPopup_bossRush_view,,TLE_2_Jungle,TLE_2_Jungle_4,4,
GPE,300,,mainWorld_11_jungle,TRUE,4,FALSE,,0.75,1.1,1,0.75,0.5,226,,,,,,5,,,,,"305,000",,,,,,1,2,4,8,16,,2000,,10000,0.4,0.5,,,,,,,,,,,,,,,,,,,,,,,,,,,,,,,,,,,,,,,,,,,shards_5,100_coins,egg_common,small_coins,,,,,,,,,,,,,,,,,,25052,85384,94355,100209,,,,,,,,,,,,,,,,,,,,,,,,,,,,,,,,,,,,,,TLE_2_Savanna_1_progression_reward_gauge,1572,currency.xp,egg_legendary,1572,,,,,,,,,,,,,TLE_2_Jungle_5,jungle_TLE_config1,TLE_2_Meadow_5_progression_reward_gauge,FALSE,0,FALSE,16,WorldRushPage,-1,TRUE,124,2000,2000,WorldRushBehavior,eventCard_bossRush_view,eventRules_bossRush_view,eventPopup_bossRush_view,,TLE_2_Jungle,TLE_2_Jungle_5,5,
XP/Minutes,66,,mainWorld_12_savanna&jungle,TRUE,4,FALSE,,0.5,1.1,1,0.75,0.5,231,,,,,,5,,,,,"330,000",,,,,,1,2,4,8,16,,2000,,10000,0.4,0.5,,,,,,,,,,,,,,,,,,,,,,,,,,,,,,,,,,,,,,,,,,,shards_5,shards_5,egg_common,small_coins,,,,,,,,,,,,,,,,,,27106,92382,102089,108423,,,,,,,,,,,,,,,,,,,,,,,,,,,,,,,,,,,,,,TLE_2_Savanna_2_progression_reward_gauge,2683,currency.xp,big_coins,1718,,,,,,,,,,,,,TLE_3_Meadow_1,meadow_TLE_config1,TLE_1_Meadow_1_progression_reward_gauge,FALSE,0,FALSE,1,WorldRushPage,-1,TRUE,24,2000,2000,WorldRushBehavior,eventCard_bossRush_view,eventRules_bossRush_view,eventPopup_bossRush_view,,TLE_3_Meadow,TLE_3_Meadow_1,1,
,1,,mainWorld_13_meadow&sea,TRUE,4,FALSE,,1.75,1.1,1,0.75,0.5,237,,,,,,5,,,,,"355,000",,,,,,1,2,4,8,16,,2000,,10000,0.4,0.5,,,,,,,,,,,,,,,,,,,,,,,,,,,,,,,,,,,,,,,,,,,50_coins,medium_gems,egg_common,medium_potion,,,,,,,,,,,,,,,,,,29159,99381,109823,116637,,,,,,,,,,,,,,,,,,,,,,,,,,,,,,,,,,,,,,TLE_2_Savanna_2_progression_reward_gauge,2683,currency.xp,random_candy_big,2098,,,,,,,,,,,,,Main_1_Meadow_1,,Main_1_Meadow_1_progression_reward_gauge,,1,,,,,,,,,,,,,,TLE,Main_1_Meadow_1,0,
,3,,mainWorld_14_cave,TRUE,4,FALSE,,1.5,1.1,1,0.75,0.5,244,,,,,,5,,,,,"380,000",,,,,,1,2,4,8,16,,2000,,10000,0.4,0.5,,,,,,,,,,,,,,,,,,,,,,,,,,,,,,,,,,,,,,,,,,,50_coins,medium_gems,egg_common,medium_potion,,,,,,,,,,,,,,,,,,31213,106380,117557,124851,,,,,,,,,,,,,,,,,,,,,,,,,,,,,,,,,,,,,,TLE_2_Savanna_2_progression_reward_gauge,2683,currency.xp,egg_legendary,2683,,,,,,,,,,,,,Main_1_Sea_1,,Main_1_Sea_1_progression_reward_gauge,,1,,,,,,,,,,,,,,TLE,Main_1_Sea_1,0,
,,,mainWorld_15_cave&jungle,TRUE,4,FALSE,,1.25,1.1,1,0.75,0.5,251,,,,,,5,,,,,"405,000",,,,,,1,2,4,8,16,,2000,,10000,0.4,0.5,,,,,,,,,,,,,,,,,,,,,,,,,,,,,,,,,,,,,,,,,,,shards_5,medium_gems,medium_potion,small_coins,,,,,,,,,,,,,,,,,,33266,113378,125291,133064,,,,,,,,,,,,,,,,,,,,,,,,,,,,,,,,,,,,,,TLE_2_Savanna_3_progression_reward_gauge,4255,currency.xp,big_coins,2840,,,,,,,,,,,,,Main_1_Forest_1,,Main_1_Forest_1_progression_reward_gauge,,1,,,,,,,,,,,,,,TLE,Main_1_Forest_1,0,
,,,mainWorld_16_savanna,TRUE,4,FALSE,,1,1.1,1,0.75,0.5,259,,,,,,5,,,,,"430,000",,,,,,1,2,4,8,16,,2000,,10000,0.4,0.5,,,,,,,,,,,,,,,,,,,,,,,,,,,,,,,,,,,,,,,,,,,shards_5,medium_gems,medium_potion,small_coins,,,,,,,,,,,,,,,,,,35320,120377,133025,141278,,,,,,,,,,,,,,,,,,,,,,,,,,,,,,,,,,,,,,TLE_2_Savanna_3_progression_reward_gauge,4255,currency.xp,egg_epic,3155,,,,,,,,,,,,,Main_1_Savanna_1,,Main_1_Savanna_1_progression_reward_gauge,,1,,,,,,,,,,,,,,TLE,Main_1_Savanna_1,0,
,,,mainWorld_17_cave,TRUE,4,FALSE,,0.75,1.1,1,0.75,0.5,268,,,,,,5,,,,,"455,000",,,,,,1,2,4,8,16,,2000,,10000,0.4,0.5,,,,,,,,,,,,,,,,,,,,,,,,,,,,,,,,,,,,,,,,,,,shards_5,medium_gems,medium_potion,small_coins,,,,,,,,,,,,,,,,,,37373,127376,140759,149492,,,,,,,,,,,,,,,,,,,,,,,,,,,,,,,,,,,,,,TLE_2_Savanna_3_progression_reward_gauge,4255,currency.xp,random_candy_big,3626,,,,,,,,,,,,,Main_1_Cave_1,,Main_1_Cave_1_progression_reward_gauge,,1,,,,,,,,,,,,,,TLE,Main_1_Cave_1,0,
,,,mainWorld_18_sea&forest,TRUE,4,FALSE,,0.5,1.1,1,0.75,0.5,278,,,,,,5,,,,,"480,000",,,,,,1,2,4,8,16,,2000,,10000,0.4,0.5,,,,,,,,,,,,,,,,,,,,,,,,,,,,,,,,,,,,,,,,,,,shards_5,100_coins,egg_common,small_coins,,,,,,,,,,,,,,,,,,39427,134374,148493,157706,,,,,,,,,,,,,,,,,,,,,,,,,,,,,,,,,,,,,,TLE_2_Savanna_3_progression_reward_gauge,4255,currency.xp,egg_legendary,4255,,,,,,,,,,,,,Main_1_Jungle_1,,,,1,,,,,,,,,,,,,,TLE,Main_1_Jungle_1,0,
,,,mainWorld_19_meadow,TRUE,4,FALSE,,1.75,1.1,1,0.75,0.5,289,,,,,,5,,,,,"505,000",,,,,,1,2,4,8,16,,2000,,10000,0.4,0.5,,,,,,,,,,,,,,,,,,,,,,,,,,,,,,,,,,,,,,,,,,,shards_5,egg_common,medium_potion,small_coins,,,,,,,,,,,,,,,,,,41480,141373,156227,165920,,,,,,,,,,,,,,,,,,,,,,,,,,,,,,,,,,,,,,TLE_2_Savanna_4_progression_reward_gauge,4845,currency.xp,big_coins,4373,,,,,,,,,,,,,Main_1_Snow_1,,,,1,,,,,,,,,,,,,,TLE,Main_1_Snow_1,0,
,,,mainWorld_20_snow,TRUE,4,FALSE,,1.5,1.1,1,0.75,0.5,301,,,,,,5,,,,,"530,000",,,,,,1,2,4,8,16,,2000,,10000,0.4,0.5,,,,,,,,,,,,,,,,,,,,,,,,,,,,,,,,,,,,,,,,,,,shards_5,egg_common,medium_potion,small_coins,,,,,,,,,,,,,,,,,,43533,148372,163961,174134,,,,,,,,,,,,,,,,,,,,,,,,,,,,,,,,,,,,,,TLE_2_Savanna_4_progression_reward_gauge,4845,currency.xp,egg_legendary,4845,,,,,,,,,,,,,mainWorld_1_meadow_1,,,,1,,,,,,,,,,,,,,TLE,mainWorld_1_meadow_1,0,
,,,mainWorld_21_savanna,TRUE,4,FALSE,,1.25,1.1,1,0.75,0.5,314,,,,,,5,,,,,"555,000",,,,,,1,2,4,8,16,,2000,,10000,0.4,0.5,,,,,,,,,,,,,,,,,,,,,,,,,,,,,,,,,,,,,,,,,,,shards_5,egg_common,small_coins,small_coins,,,,,,,,,,,,,,,,,,45587,155370,171695,182348,,,,,,,,,,,,,,,,,,,,,,,,,,,,,,,,,,,,,,TLE_2_Savanna_5_progression_reward_gauge,6834,currency.xp,big_coins,5032,,,,,,,,,,,,,mainWorld_2_sea_1,,,,1,,,,,,,,,,,,,,TLE,mainWorld_2_sea_1,0,
,,,mainWorld_22_snow,TRUE,4,FALSE,,1,1.1,1,0.75,0.5,328,,,,,,5,,,,,"580,000",,,,,,1,2,4,8,16,,2000,,10000,0.4,0.5,,,,,,,,,,,,,,,,,,,,,,,,,,,,,,,,,,,,,,,,,,,shards_5,egg_common,small_coins,small_coins,,,,,,,,,,,,,,,,,,47640,162369,179429,190561,,,,,,,,,,,,,,,,,,,,,,,,,,,,,,,,,,,,,,TLE_2_Savanna_5_progression_reward_gauge,6834,currency.xp,big_coins,5255,,,,,,,,,,,,,mainWorld_3_forest_1,,,,1,,,,,,,,,,,,,,TLE,mainWorld_3_forest_1,0,
,,,mainWorld_23_cave&jungle,TRUE,4,FALSE,,0.75,1.1,1,0.75,0.5,343,,,,,,5,,,,,"605,000",,,,,,1,2,4,8,16,,2000,,10000,0.4,0.5,,,,,,,,,,,,,,,,,,,,,,,,,,,,,,,,,,,,,,,,,,,shards_5,egg_common,small_coins,medium_coins,,,,,,,,,,,,,,,,,,49694,169368,187163,198775,,,,,,,,,,,,,,,,,,,,,,,,,,,,,,,,,,,,,,TLE_2_Savanna_5_progression_reward_gauge,6834,currency.xp,egg_epic,5582,,,,,,,,,,,,,mainWorld_4_meadow_1,,,,1,,,,,,,,,,,,,,TLE,mainWorld_4_meadow_1,0,
,,,mainWorld_24_snow,TRUE,4,FALSE,,0.5,1.1,1,0.75,0.5,360,,,,,,5,,,,,"630,000",,,,,,1,2,4,8,16,,2000,,10000,0.4,0.5,,,,,,,,,,,,,,,,,,,,,,,,,,,,,,,,,,,,,,,,,,,100_coins,medium_gems,small_coins,medium_coins,,,,,,,,,,,,,,,,,,51747,176366,194897,206989,,,,,,,,,,,,,,,,,,,,,,,,,,,,,,,,,,,,,,TLE_2_Savanna_5_progression_reward_gauge,6834,currency.xp,random_candy_big,6085,,,,,,,,,,,,,mainWorld_5_sea&forest_1,,,,1,,,,,,,,,,,,,,TLE,mainWorld_5_sea&forest_1,0,
,,,mainWorld_25_sea,TRUE,4,FALSE,,1.75,1.1,1,0.75,0.5,378,,,,,,5,,,,,"655,000",,,,,,1,2,4,8,16,,2000,,10000,0.4,0.5,,,,,,,,,,,,,,,,,,,,,,,,,,,,,,,,,,,,,,,,,,,shards_5,medium_potion,small_coins,small_coins,,,,,,,,,,,,,,,,,,53801,183365,202631,215203,,,,,,,,,,,,,,,,,,,,,,,,,,,,,,,,,,,,,,TLE_2_Savanna_5_progression_reward_gauge,6834,currency.xp,egg_legendary,6834,,,,,,,,,,,,,mainWorld_6_forest&meadow_1,,,,1,,,,,,,,,,,,,,TLE,mainWorld_6_forest&meadow_1,0,
,,,mainWorld_26_savanna&jungle,TRUE,4,FALSE,,1.5,1.1,1,0.75,0.5,398,,,,,,5,,,,,"680,000",,,,,,1,2,4,8,16,,2000,,10000,0.4,0.5,,,,,,,,,,,,,,,,,,,,,,,,,,,,,,,,,,,,,,,,,,,shards_5,medium_potion,small_coins,medium_coins,,,,,,,,,,,,,,,,,,55854,190364,210365,223417,,,,,,,,,,,,,,,,,,,,,,,,,,,,,,,,,,,,,,TLE_2_Sea_1_progression_reward_gauge,1572,currency.xp,candy_sea,151,,,,,,,,,,,,,mainWorld_7_savanna_1,,,,1,,,,,,,,,,,,,,TLE,mainWorld_7_savanna_1,0,
,,,mainWorld_27_meadow,TRUE,4,FALSE,,1.25,1.1,1,0.75,0.5,420,,,,,,5,,,,,"705,000",,,,,,1,2,4,8,16,,2000,,10000,0.4,0.5,,,,,,,,,,,,,,,,,,,,,,,,,,,,,,,,,,,,,,,,,,,100_coins,medium_potion,small_coins,medium_coins,,,,,,,,,,,,,,,,,,57908,197362,218099,231631,,,,,,,,,,,,,,,,,,,,,,,,,,,,,,,,,,,,,,TLE_2_Sea_1_progression_reward_gauge,1572,currency.xp,egg_epic,490,,,,,,,,,,,,,mainWorld_8_sea&savanna_1,,,,1,,,,,,,,,,,,,,TLE,mainWorld_8_sea&savanna_1,0,
,,,mainWorld_28_jungle,TRUE,4,FALSE,,1,1.1,1,0.75,0.5,444,,,,,,5,,,,,"730,000",,,,,,1,2,4,8,16,,2000,,10000,0.4,0.5,,,,,,,,,,,,,,,,,,,,,,,,,,,,,,,,,,,,,,,,,,,100_coins,medium_potion,small_coins,candy_jungle,,,,,,,,,,,,,,,,,,59961,204361,225833,239845,,,,,,,,,,,,,,,,,,,,,,,,,,,,,,,,,,,,,,TLE_2_Sea_1_progression_reward_gauge,1572,currency.xp,random_candy_big,968,,,,,,,,,,,,,mainWorld_9_sea_1,,,,1,,,,,,,,,,,,,,TLE,mainWorld_9_sea_1,0,
,,,mainWorld_29_snow&forest,TRUE,4,FALSE,,0.75,1.1,1,0.75,0.5,470,,,,,,5,,,,,"755,000",,,,,,1,2,4,8,16,,2000,,10000,0.4,0.5,,,,,,,,,,,,,,,,,,,,,,,,,,,,,,,,,,,,,,,,,,,medium_gems,medium_potion,small_coins,big_coins,,,,,,,,,,,,,,,,,,62015,211360,233567,248058,,,,,,,,,,,,,,,,,,,,,,,,,,,,,,,,,,,,,,TLE_2_Sea_1_progression_reward_gauge,1572,currency.xp,egg_legendary,1572,,,,,,,,,,,,,mainWorld_10_savanna&meadow_1,,,,1,,,,,,,,,,,,,,TLE,mainWorld_10_savanna&meadow_1,0,
,,,mainWorld_30_sea,TRUE,4,FALSE,,0.5,1.1,1,0.75,0.5,499,,,,,,5,,,,,780000,,,,,,1,2,4,8,16,,2000,,10000,0.4,0.5,,,,,,,,,,,,,,,,,,,,,,,,,,,,,,,,,,,,,,,,,,,egg_common,medium_potion,small_coins,big_coins,,,,,,,,,,,,,,,,,,64068,218358,241301,256272,,,,,,,,,,,,,,,,,,,,,,,,,,,,,,,,,,,,,,TLE_2_Sea_2_progression_reward_gauge,2683,currency.xp,big_coins,1718,,,,,,,,,,,,,mainWorld_11_jungle_1,,,,1,,,,,,,,,,,,,,TLE,mainWorld_11_jungle_1,0,
,,,mainWorld_31_sea&forest,TRUE,4,FALSE,,1.75,1.1,1,0.75,0.5,531,,,,,,5,,,,,805000,,,,,,1,2,4,8,16,,2000,,10000,0.4,0.5,,,,,,,,,,,,,,,,,,,,,,,,,,,,,,,,,,,,,,,,,,,medium_gems,small_coins,medium_coins,big_coins,,,,,,,,,,,,,,,,,,66122,225357,249035,264486,,,,,,,,,,,,,,,,,,,,,,,,,,,,,,,,,,,,,,TLE_2_Sea_2_progression_reward_gauge,2683,currency.xp,random_candy_big,2098,,,,,,,,,,,,,mainWorld_12_savanna&jungle_1,,,,1,,,,,,,,,,,,,,TLE,mainWorld_12_savanna&jungle_1,0,
,,,mainWorld_32_forest&meadow,TRUE,4,FALSE,,1.5,1.1,1,0.75,0.5,566,,,,,,5,,,,,830000,,,,,,1,2,4,8,16,,2000,,10000,0.4,0.5,,,,,,,,,,,,,,,,,,,,,,,,,,,,,,,,,,,,,,,,,,,medium_gems,small_coins,candy_meadow,big_coins,,,,,,,,,,,,,,,,,,68175,232356,256769,272700,,,,,,,,,,,,,,,,,,,,,,,,,,,,,,,,,,,,,,TLE_2_Sea_2_progression_reward_gauge,2683,currency.xp,egg_legendary,2683,,,,,,,,,,,,,mainWorld_13_meadow&sea_1,,,,1,,,,,,,,,,,,,,TLE,mainWorld_13_meadow&sea_1,0,
,,,mainWorld_33_savanna,TRUE,4,FALSE,,1.25,1.1,1,0.75,0.5,605,,,,,,5,,,,,855000,,,,,,1,2,4,8,16,,2000,,10000,0.4,0.5,,,,,,,,,,,,,,,,,,,,,,,,,,,,,,,,,,,,,,,,,,,egg_common,small_coins,candy_savanna,big_coins,,,,,,,,,,,,,,,,,,70228,239354,264503,280914,,,,,,,,,,,,,,,,,,,,,,,,,,,,,,,,,,,,,,TLE_2_Sea_3_progression_reward_gauge,3794,currency.xp,big_coins,2831,,,,,,,,,,,,,mainWorld_14_cave_1,,,,1,,,,,,,,,,,,,,TLE,mainWorld_14_cave_1,0,
,,,mainWorld_34_sea&savanna,TRUE,4,FALSE,,1,1.1,1,0.75,0.5,648,,,,,,5,,,,,880000,,,,,,1,2,4,8,16,,2000,,10000,0.4,0.5,,,,,,,,,,,,,,,,,,,,,,,,,,,,,,,,,,,,,,,,,,,egg_common,small_coins,big_coins,big_coins,,,,,,,,,,,,,,,,,,72282,246353,272237,289128,,,,,,,,,,,,,,,,,,,,,,,,,,,,,,,,,,,,,,TLE_2_Sea_3_progression_reward_gauge,3794,currency.xp,random_candy_big,3201,,,,,,,,,,,,,mainWorld_15_cave&jungle_1,,,,1,,,,,,,,,,,,,,TLE,mainWorld_15_cave&jungle_1,0,
,,,mainWorld_35_sea,TRUE,4,FALSE,,0.75,1.1,1,0.75,0.5,695,,,,,,5,,,,,905000,,,,,,1,2,4,8,16,,2000,,10000,0.4,0.5,,,,,,,,,,,,,,,,,,,,,,,,,,,,,,,,,,,,,,,,,,,egg_common,small_coins,big_coins,big_coins,,,,,,,,,,,,,,,,,,74335,253352,279971,297342,,,,,,,,,,,,,,,,,,,,,,,,,,,,,,,,,,,,,,TLE_2_Sea_3_progression_reward_gauge,3794,currency.xp,egg_legendary,3794,,,,,,,,,,,,,mainWorld_16_savanna_1,,,,1,,,,,,,,,,,,,,TLE,mainWorld_16_savanna_1,0,
,,,mainWorld_36_savanna&meadow,TRUE,4,FALSE,,0.5,1.1,1,0.75,0.5,747,,,,,,5,,,,,930000,,,,,,1,2,4,8,16,,2000,,10000,0.4,0.5,,,,,,,,,,,,,,,,,,,,,,,,,,,,,,,,,,,,,,,,,,,medium_potion,small_coins,big_coins,egg_epic,,,,,,,,,,,,,,,,,,76389,260350,287705,305555,,,,,,,,,,,,,,,,,,,,,,,,,,,,,,,,,,,,,,TLE_2_Sea_4_progression_reward_gauge,4905,currency.xp,big_coins,3949,,,,,,,,,,,,,mainWorld_17_cave_1,,,,1,,,,,,,,,,,,,,TLE,mainWorld_17_cave_1,0,
,,,mainWorld_37_jungle,TRUE,4,FALSE,,1.75,1.1,1,0.75,0.5,804,,,,,,5,,,,,955000,,,,,,1,2,4,8,16,,2000,,10000,0.4,0.5,,,,,,,,,,,,,,,,,,,,,,,,,,,,,,,,,,,,,,,,,,,egg_common,candy_jungle,big_coins,big_coins,,,,,,,,,,,,,,,,,,78442,267349,295439,313769,,,,,,,,,,,,,,,,,,,,,,,,,,,,,,,,,,,,,,TLE_2_Sea_4_progression_reward_gauge,4905,currency.xp,egg_epic,4287,,,,,,,,,,,,,mainWorld_18_sea&forest_1,,,,1,,,,,,,,,,,,,,TLE,mainWorld_18_sea&forest_1,0,
,,,mainWorld_38_savanna&jungle,TRUE,4,FALSE,,1.5,1.1,1,0.75,0.5,867,,,,,,5,,,,,980000,,,,,,1,2,4,8,16,,2000,,10000,0.4,0.5,,,,,,,,,,,,,,,,,,,,,,,,,,,,,,,,,,,,,,,,,,,medium_potion,big_coins,big_coins,big_coins,,,,,,,,,,,,,,,,,,80496,274348,303173,321983,,,,,,,,,,,,,,,,,,,,,,,,,,,,,,,,,,,,,,TLE_2_Sea_4_progression_reward_gauge,4905,currency.xp,egg_legendary,4905,,,,,,,,,,,,,mainWorld_19_meadow_1,,,,1,,,,,,,,,,,,,,TLE,mainWorld_19_meadow_1,0,
,,,mainWorld_39_meadow&sea,TRUE,4,FALSE,,1.25,1.1,1,0.75,0.5,937,,,,,,5,,,,,1005000,,,,,,1,2,4,8,16,,2000,,10000,0.4,0.5,,,,,,,,,,,,,,,,,,,,,,,,,,,,,,,,,,,,,,,,,,,medium_potion,big_coins,big_coins,egg_epic,,,,,,,,,,,,,,,,,,82549,281346,310907,330197,,,,,,,,,,,,,,,,,,,,,,,,,,,,,,,,,,,,,,TLE_2_Sea_5_progression_reward_gauge,7279,currency.xp,big_coins,5093,,,,,,,,,,,,,mainWorld_20_snow_1,,,,1,,,,,,,,,,,,,,TLE,mainWorld_20_snow_1,0,
,,,mainWorld_40_cave,TRUE,4,FALSE,,1,1.1,1,0.75,0.5,1015,,,,,,5,,,,,1030000,,,,,,1,2,4,8,16,,2000,,10000,0.4,0.5,,,,,,,,,,,,,,,,,,,,,,,,,,,,,,,,,,,,,,,,,,,small_coins,big_coins,big_coins,egg_epic,,,,,,,,,,,,,,,,,,84603,288345,318641,338411,,,,,,,,,,,,,,,,,,,,,,,,,,,,,,,,,,,,,,TLE_2_Sea_5_progression_reward_gauge,7279,currency.xp,big_coins,5304,,,,,,,,,,,,,mainWorld_21_savanna_1,,,,1,,,,,,,,,,,,,,TLE,mainWorld_21_savanna_1,0,
,,,mainWorld_41_cave&jungle,TRUE,4,FALSE,,0.75,1.1,1,0.75,0.5,1102,,,,,,5,,,,,1055000,,,,,,1,2,4,8,16,,2000,,10000,0.4,0.5,,,,,,,,,,,,,,,,,,,,,,,,,,,,,,,,,,,,,,,,,,,small_coins,big_coins,big_coins,egg_epic,,,,,,,,,,,,,,,,,,86656,295344,326375,346625,,,,,,,,,,,,,,,,,,,,,,,,,,,,,,,,,,,,,,TLE_2_Sea_5_progression_reward_gauge,7279,currency.xp,big_coins,5583,,,,,,,,,,,,,mainWorld_22_snow_1,,,,1,,,,,,,,,,,,,,TLE,mainWorld_22_snow_1,0,
,,,mainWorld_42_savanna,TRUE,4,FALSE,,0.5,1.1,1,0.75,0.5,1198,,,,,,5,,,,,1080000,,,,,,1,2,4,8,16,,2000,,10000,0.4,0.5,,,,,,,,,,,,,,,,,,,,,,,,,,,,,,,,,,,,,,,,,,,small_coins,candy_savanna,big_coins,random_candy_big,,,,,,,,,,,,,,,,,,88710,302342,334109,354839,,,,,,,,,,,,,,,,,,,,,,,,,,,,,,,,,,,,,,TLE_2_Sea_5_progression_reward_gauge,7279,currency.xp,egg_epic,5975,,,,,,,,,,,,,mainWorld_23_cave&jungle_1,,,,1,,,,,,,,,,,,,,TLE,mainWorld_23_cave&jungle_1,0,
,,,mainWorld_43_cave,TRUE,4,FALSE,,1.75,1.1,1,0.75,0.5,1305,,,,,,5,,,,,1105000,,,,,,1,2,4,8,16,,2000,,10000,0.4,0.5,,,,,,,,,,,,,,,,,,,,,,,,,,,,,,,,,,,,,,,,,,,small_coins,big_coins,egg_epic,egg_epic,,,,,,,,,,,,,,,,,,90763,309341,341843,363052,,,,,,,,,,,,,,,,,,,,,,,,,,,,,,,,,,,,,,TLE_2_Sea_5_progression_reward_gauge,7279,currency.xp,random_candy_big,6525,,,,,,,,,,,,,mainWorld_24_snow_1,,,,1,,,,,,,,,,,,,,TLE,mainWorld_24_snow_1,0,
,,,mainWorld_44_sea&forest,TRUE,4,FALSE,,1.5,1.1,1,0.75,0.5,1425,,,,,,5,,,,,1130000,,,,,,1,2,4,8,16,,2000,,10000,0.4,0.5,,,,,,,,,,,,,,,,,,,,,,,,,,,,,,,,,,,,,,,,,,,small_coins,big_coins,egg_epic,random_candy_big,,,,,,,,,,,,,,,,,,92817,316340,349577,371266,,,,,,,,,,,,,,,,,,,,,,,,,,,,,,,,,,,,,,TLE_2_Sea_5_progression_reward_gauge,7279,currency.xp,egg_legendary,7279,,,,,,,,,,,,,mainWorld_25_sea_1,,,,1,,,,,,,,,,,,,,TLE,mainWorld_25_sea_1,0,
,,,mainWorld_45_meadow,TRUE,4,FALSE,,1.25,1.1,1,0.75,0.5,1559,,,,,,5,,,,,1155000,,,,,,1,2,4,8,16,,2000,,10000,0.4,0.5,,,,,,,,,,,,,,,,,,,,,,,,,,,,,,,,,,,,,,,,,,,medium_coins,big_coins,egg_epic,random_candy_big,,,,,,,,,,,,,,,,,,94870,323338,357311,379480,,,,,,,,,,,,,,,,,,,,,,,,,,,,,,,,,,,,,,Main_1_Meadow_1_progression_reward_gauge,1572,currency.xp,candy_meadow,129,,,,,,,,,,,,,mainWorld_26_savanna&jungle_1,,,,1,,,,,,,,,,,,,,TLE,mainWorld_26_savanna&jungle_1,0,
,,,mainWorld_46_snow,TRUE,4,FALSE,,1,1.1,1,0.75,0.5,1709,,,,,,5,,,,,1180000,,,,,,1,2,4,8,16,,2000,,10000,0.4,0.5,,,,,,,,,,,,,,,,,,,,,,,,,,,,,,,,,,,,,,,,,,,medium_coins,big_coins,random_candy_big,random_candy_big,,,,,,,,,,,,,,,,,,96924,330337,365045,387694,,,,,,,,,,,,,,,,,,,,,,,,,,,,,,,,,,,,,,Main_1_Meadow_1_progression_reward_gauge,1572,currency.xp,egg_epic,569,,,,,,,,,,,,,mainWorld_27_meadow_1,,,,1,,,,,,,,,,,,,,TLE,mainWorld_27_meadow_1,0,
,,,mainWorld_47_savanna,TRUE,4,FALSE,,0.75,1.1,1,0.75,0.5,1877,,,,,,5,,,,,1205000,,,,,,1,2,4,8,16,,2000,,10000,0.4,0.5,,,,,,,,,,,,,,,,,,,,,,,,,,,,,,,,,,,,,,,,,,,big_coins,big_coins,random_candy_big,egg_legendary,,,,,,,,,,,,,,,,,,98977,337336,372779,395908,,,,,,,,,,,,,,,,,,,,,,,,,,,,,,,,,,,,,,Main_1_Meadow_1_progression_reward_gauge,1572,currency.xp,random_candy_big,1056,,,,,,,,,,,,,mainWorld_28_jungle_1,,,,1,,,,,,,,,,,,,,,,,
,,,mainWorld_48_snow,TRUE,4,FALSE,,0.5,1.1,1,0.75,0.5,2000,,,,,,5,,,,,1230000,,,,,,1,2,4,8,16,,2000,,10000,0.4,0.5,,,,,,,,,,,,,,,,,,,,,,,,,,,,,,,,,,,,,,,,,,,big_coins,big_coins,random_candy_big,egg_legendary,,,,,,,,,,,,,,,,,,101030,344334,380513,404122,,,,,,,,,,,,,,,,,,,,,,,,,,,,,,,,,,,,,,Main_1_Meadow_1_progression_reward_gauge,1572,currency.xp,egg_legendary,1572,,,,,,,,,,,,,mainWorld_29_snow&forest_1,,,,1,,,,,,,,,,,,,,,,,
,,,mainWorld_49_cave&jungle,TRUE,4,FALSE,,1.75,1.1,1,0.75,0.5,2000,,,,,,5,,,,,1255000,,,,,,1,2,4,8,16,,2000,,10000,0.4,0.5,,,,,,,,,,,,,,,,,,,,,,,,,,,,,,,,,,,,,,,,,,,candy_jungle,egg_epic,random_candy_big,egg_legendary,,,,,,,,,,,,,,,,,,103084,351333,388247,412336,,,,,,,,,,,,,,,,,,,,,,,,,,,,,,,,,,,,,,Main_1_Sea_1_progression_reward_gauge,1572,currency.xp,candy_sea,129,,,,,,,,,,,,,mainWorld_30_sea_1,,,,1,,,,,,,,,,,,,,,,,
,,,mainWorld_50_snow,TRUE,4,FALSE,,1.5,1.1,1,0.75,0.5,2000,,,,,,5,,,,,1280000,,,,,,1,2,4,8,16,,2000,,10000,0.4,0.5,,,,,,,,,,,,,,,,,,,,,,,,,,,,,,,,,,,,,,,,,,,candy_snow,egg_epic,random_candy_big,egg_legendary,,,,,,,,,,,,,,,,,,105137,358332,395981,420549,,,,,,,,,,,,,,,,,,,,,,,,,,,,,,,,,,,,,,Main_1_Sea_1_progression_reward_gauge,1572,currency.xp,egg_epic,569,,,,,,,,,,,,,mainWorld_31_sea&forest_1,,,,1,,,,,,,,,,,,,,,,,
,,,mainWorld_51_sea,TRUE,4,FALSE,,1.25,1.1,1,0.75,0.5,2000,,,,,,5,,,,,1305000,,,,,,1,2,4,8,16,,2000,,10000,0.4,0.5,,,,,,,,,,,,,,,,,,,,,,,,,,,,,,,,,,,,,,,,,,,big_coins,egg_epic,random_candy_big,egg_legendary,,,,,,,,,,,,,,,,,,107191,365330,403715,428763,,,,,,,,,,,,,,,,,,,,,,,,,,,,,,,,,,,,,,Main_1_Sea_1_progression_reward_gauge,1572,currency.xp,random_candy_big,1056,,,,,,,,,,,,,mainWorld_32_forest&meadow_1,,,,1,,,,,,,,,,,,,,,,,
,,,mainWorld_52_savanna&jungle,TRUE,4,FALSE,,1,1.1,1,0.75,0.5,2000,,,,,,5,,,,,1330000,,,,,,1,2,4,8,16,,2000,,10000,0.4,0.5,,,,,,,,,,,,,,,,,,,,,,,,,,,,,,,,,,,,,,,,,,,big_coins,egg_epic,random_candy_big,egg_legendary,,,,,,,,,,,,,,,,,,109244,372329,411449,436977,,,,,,,,,,,,,,,,,,,,,,,,,,,,,,,,,,,,,,Main_1_Sea_1_progression_reward_gauge,1572,currency.xp,egg_legendary,1572,,,,,,,,,,,,,mainWorld_33_savanna_1,,,,1,,,,,,,,,,,,,,,,,
,,,mainWorld_53_meadow,TRUE,4,FALSE,,0.75,1.1,1,0.75,0.5,2000,,,,,,5,,,,,1355000,,,,,,1,2,4,8,16,,2000,,10000,0.4,0.5,,,,,,,,,,,,,,,,,,,,,,,,,,,,,,,,,,,,,,,,,,,big_coins,egg_epic,random_candy_big,egg_legendary,,,,,,,,,,,,,,,,,,111298,379328,419183,445191,,,,,,,,,,,,,,,,,,,,,,,,,,,,,,,,,,,,,,Main_1_Forest_1_progression_reward_gauge,1572,currency.xp,candy_forest,129,,,,,,,,,,,,,mainWorld_34_sea&savanna_1,,,,1,,,,,,,,,,,,,,,,,
,,,mainWorld_54_jungle,TRUE,4,FALSE,,0.5,1.1,1,0.75,0.5,2000,,,,,,5,,,,,1380000,,,,,,1,2,4,8,16,,2000,,10000,0.4,0.5,,,,,,,,,,,,,,,,,,,,,,,,,,,,,,,,,,,,,,,,,,,big_coins,big_coins,random_candy_big,egg_legendary,,,,,,,,,,,,,,,,,,113351,386326,426917,453405,,,,,,,,,,,,,,,,,,,,,,,,,,,,,,,,,,,,,,Main_1_Forest_1_progression_reward_gauge,1572,currency.xp,egg_epic,569,,,,,,,,,,,,,mainWorld_35_sea_1,,,,1,,,,,,,,,,,,,,,,,
,,,mainWorld_55_snow&forest,TRUE,4,FALSE,,1.75,1.1,1,0.75,0.5,2000,,,,,,5,,,,,1405000,,,,,,1,2,4,8,16,,2000,,10000,0.4,0.5,,,,,,,,,,,,,,,,,,,,,,,,,,,,,,,,,,,,,,,,,,,candy_forest,egg_epic,random_candy_big,egg_legendary,,,,,,,,,,,,,,,,,,115405,393325,434651,461619,,,,,,,,,,,,,,,,,,,,,,,,,,,,,,,,,,,,,,Main_1_Forest_1_progression_reward_gauge,1572,currency.xp,random_candy_big,1056,,,,,,,,,,,,,mainWorld_36_savanna&meadow_1,,,,1,,,,,,,,,,,,,,,,,
,,,mainWorld_56_sea&forest,TRUE,4,FALSE,,1.5,1.1,1,0.75,0.5,2000,,,,,,5,,,,,1430000,,,,,,1,2,4,8,16,,2000,,10000,0.4,0.5,,,,,,,,,,,,,,,,,,,,,,,,,,,,,,,,,,,,,,,,,,,candy_forest,egg_epic,random_candy_big,egg_legendary,,,,,,,,,,,,,,,,,,117458,400324,442385,469833,,,,,,,,,,,,,,,,,,,,,,,,,,,,,,,,,,,,,,Main_1_Forest_1_progression_reward_gauge,1572,currency.xp,egg_legendary,1572,,,,,,,,,,,,,mainWorld_37_jungle_1,,,,1,,,,,,,,,,,,,,,,,
,,,mainWorld_57_forest&meadow,TRUE,4,FALSE,,1.25,1.1,1,0.75,0.5,2000,,,,,,5,,,,,1455000,,,,,,1,2,4,8,16,,2000,,10000,0.4,0.5,,,,,,,,,,,,,,,,,,,,,,,,,,,,,,,,,,,,,,,,,,,big_coins,egg_epic,random_candy_big,egg_legendary,,,,,,,,,,,,,,,,,,119512,407322,450119,478046,,,,,,,,,,,,,,,,,,,,,,,,,,,,,,,,,,,,,,Main_1_Savanna_1_progression_reward_gauge,1572,currency.xp,candy_savanna,129,,,,,,,,,,,,,mainWorld_38_savanna&jungle_1,,,,1,,,,,,,,,,,,,,,,,
,,,mainWorld_58_savanna,TRUE,4,FALSE,,1,1.1,1,0.75,0.5,2000,,,,,,5,,,,,1480000,,,,,,1,2,4,8,16,,2000,,10000,0.4,0.5,,,,,,,,,,,,,,,,,,,,,,,,,,,,,,,,,,,,,,,,,,,big_coins,egg_epic,random_candy_big,egg_legendary,,,,,,,,,,,,,,,,,,121565,414321,457853,486260,,,,,,,,,,,,,,,,,,,,,,,,,,,,,,,,,,,,,,Main_1_Savanna_1_progression_reward_gauge,1572,currency.xp,egg_epic,569,,,,,,,,,,,,,mainWorld_39_meadow&sea_1,,,,1,,,,,,,,,,,,,,,,,
,,,mainWorld_59_sea&savanna,TRUE,4,FALSE,,0.75,1.1,1,0.75,0.5,2000,,,,,,5,,,,,1505000,,,,,,1,2,4,8,16,,2000,,10000,0.4,0.5,,,,,,,,,,,,,,,,,,,,,,,,,,,,,,,,,,,,,,,,,,,big_coins,egg_epic,random_candy_big,egg_legendary,,,,,,,,,,,,,,,,,,123619,421320,465587,494474,,,,,,,,,,,,,,,,,,,,,,,,,,,,,,,,,,,,,,Main_1_Savanna_1_progression_reward_gauge,1572,currency.xp,random_candy_big,1056,,,,,,,,,,,,,mainWorld_40_cave_1,,,,1,,,,,,,,,,,,,,,,,
,,,mainWorld_60_sea,TRUE,4,FALSE,,0.5,1.1,1,0.75,0.5,2000,,,,,,5,,,,,"1,000,000,000",,,,,,1,2,4,8,16,,2000,,10000,0.4,0.5,,,,,,,,,,,,,,,,,,,,,,,,,,,,,,,,,,,,,,,,,,,big_coins,big_coins,random_candy_big,egg_legendary,,,,,,,,,,,,,,,,,,82138570,279946703,309360446,328554281,,,,,,,,,,,,,,,,,,,,,,,,,,,,,,,,,,,,,,Main_1_Savanna_1_progression_reward_gauge,1572,currency.xp,egg_legendary,1572,,,,,,,,,,,,,mainWorld_41_cave&jungle_1,,,,,,,,,,,,,,,,,,,,,
,,,,,,,,,,,,,,,,,,,,,,,,,,,,,,,,,,,,,,,,,,,,,,,,,,,,,,,,,,,,,,,,,,,,,,,,,,,,,,,,,,,,,,,,,,,,,,,,,,,,,,,,,,,,,,,,,,,,,,,,,,,,,,,,,,,,,,,,,,,,,,,,,Main_1_Cave_1_progression_reward_gauge,1572,currency.xp,candy_cave,129,,,,,,,,,,,,,mainWorld_42_savanna_1,,,,,,,,,,,,,,,,,,,,,
,,,,,,,,,,,,,,,,,,,,,,,,,,,,,,,,,,,,,,,,,,,,,,,,,,,,,,,,,,,,,,,,,,,,,,,,,,,,,,,,,,,,,,,,,,,,,,,,,,,,,,,,,,,,,,,,,,,,,,,,,,,,,,,,,,,,,,,,,,,,,,,,,Main_1_Cave_1_progression_reward_gauge,1572,currency.xp,egg_epic,569,,,,,,,,,,,,,mainWorld_43_cave_1,,,,,,,,,,,,,,,,,,,,,
,,,,,,,,,,,,,,,,,,,,,,,,,,,,,,,,,,,,,,,,,,,,,,,,,,,,,,,,,,,,,,,,,,,,,,,,,,,,,,,,,,,,,,,,,,,,,,,,,,,,,,,,,,,,,,,,,,,,,,,,,,,,,,,,,,,,,,,,,,,,,,,,,Main_1_Cave_1_progression_reward_gauge,1572,currency.xp,random_candy_big,1056,,,,,,,,,,,,,mainWorld_44_sea&forest_1,,,,,,,,,,,,,,,,,,,,,
,,,,,,,,,,,,,,,,,,,,,,,,,,,,,,,,,,,,,,,,,,,,,,,,,,,,,,,,,,,,,,,,,,,,,,,,,,,,,,,,,,,,,,,,,,,,,,,,,,,,,,,,,,,,,,,,,,,,,,,,,,,,,,,,,,,,,,,,,,,,,,,,,Main_1_Cave_1_progression_reward_gauge,1572,currency.xp,egg_legendary,1572,,,,,,,,,,,,,mainWorld_45_meadow_1,,,,,,,,,,,,,,,,,,,,,
,,,,,,,,,,,,,,,,,,,,,,,,,,,,,,,,,,,,,,,,,,,,,,,,,,,,,,,,,,,,,,,,,,,,,,,,,,,,,,,,,,,,,,,,,,,,,,,,,,,,,,,,,,,,,,,,,,,,,,,,,,,,,,,,,,,,,,,,,,,,,,,,,Main_1_Jungle_1_progression_reward_gauge,1572,currency.xp,candy_jungle,129,,,,,,,,,,,,,mainWorld_46_snow_1,,,,,,,,,,,,,,,,,,,,,
,,,,,,,,,,,,,,,,,,,,,,,,,,,,,,,,,,,,,,,,,,,,,,,,,,,,,,,,,,,,,,,,,,,,,,,,,,,,,,,,,,,,,,,,,,,,,,,,,,,,,,,,,,,,,,,,,,,,,,,,,,,,,,,,,,,,,,,,,,,,,,,,,Main_1_Jungle_1_progression_reward_gauge,1572,currency.xp,egg_epic,569,,,,,,,,,,,,,mainWorld_47_savanna_1,,,,,,,,,,,,,,,,,,,,,
,,,,,,,,,,,,,,,,,,,,,,,,,,,,,,,,,,,,,,,,,,,,,,,,,,,,,,,,,,,,,,,,,,,,,,,,,,,,,,,,,,,,,,,,,,,,,,,,,,,,,,,,,,,,,,,,,,,,,,,,,,,,,,,,,,,,,,,,,,,,,,,,,Main_1_Jungle_1_progression_reward_gauge,1572,currency.xp,random_candy_big,1056,,,,,,,,,,,,,mainWorld_48_snow_1,,,,,,,,,,,,,,,,,,,,,
,,,,,,,,,,,,,,,,,,,,,,,,,,,,,,,,,,,,,,,,,,,,,,,,,,,,,,,,,,,,,,,,,,,,,,,,,,,,,,,,,,,,,,,,,,,,,,,,,,,,,,,,,,,,,,,,,,,,,,,,,,,,,,,,,,,,,,,,,,,,,,,,,Main_1_Jungle_1_progression_reward_gauge,1572,currency.xp,egg_legendary,1572,,,,,,,,,,,,,mainWorld_49_cave&jungle_1,,,,,,,,,,,,,,,,,,,,,
,,,,,,,,,,,,,,,,,,,,,,,,,,,,,,,,,,,,,,,,,,,,,,,,,,,,,,,,,,,,,,,,,,,,,,,,,,,,,,,,,,,,,,,,,,,,,,,,,,,,,,,,,,,,,,,,,,,,,,,,,,,,,,,,,,,,,,,,,,,,,,,,,Main_1_Snow_1_progression_reward_gauge,1572,currency.xp,candy_snow,129,,,,,,,,,,,,,mainWorld_50_snow_1,,,,,,,,,,,,,,,,,,,,,
,,,,,,,,,,,,,,,,,,,,,,,,,,,,,,,,,,,,,,,,,,,,,,,,,,,,,,,,,,,,,,,,,,,,,,,,,,,,,,,,,,,,,,,,,,,,,,,,,,,,,,,,,,,,,,,,,,,,,,,,,,,,,,,,,,,,,,,,,,,,,,,,,Main_1_Snow_1_progression_reward_gauge,1572,currency.xp,egg_epic,569,,,,,,,,,,,,,mainWorld_51_sea_1,,,,,,,,,,,,,,,,,,,,,
,,,,,,,,,,,,,,,,,,,,,,,,,,,,,,,,,,,,,,,,,,,,,,,,,,,,,,,,,,,,,,,,,,,,,,,,,,,,,,,,,,,,,,,,,,,,,,,,,,,,,,,,,,,,,,,,,,,,,,,,,,,,,,,,,,,,,,,,,,,,,,,,,Main_1_Snow_1_progression_reward_gauge,1572,currency.xp,random_candy_big,1056,,,,,,,,,,,,,mainWorld_52_savanna&jungle_1,,,,,,,,,,,,,,,,,,,,,
,,,,,,,,,,,,,,,,,,,,,,,,,,,,,,,,,,,,,,,,,,,,,,,,,,,,,,,,,,,,,,,,,,,,,,,,,,,,,,,,,,,,,,,,,,,,,,,,,,,,,,,,,,,,,,,,,,,,,,,,,,,,,,,,,,,,,,,,,,,,,,,,,Main_1_Snow_1_progression_reward_gauge,1572,currency.xp,egg_legendary,1572,,,,,,,,,,,,,mainWorld_53_meadow_1,,,,,,,,,,,,,,,,,,,,,
,,,,,,,,,,,,,,,,,,,,,,,,,,,,,,,,,,,,,,,,,,,,,,,,,,,,,,,,,,,,,,,,,,,,,,,,,,,,,,,,,,,,,,,,,,,,,,,,,,,,,,,,,,,,,,,,,,,,,,,,,,,,,,,,,,,,,,,,,,,,,,,,,mainWorld_1_meadow_1_progression_reward_gauge,1200,currency.xp,gems_15,99,,,,,,,,,,,,,mainWorld_54_jungle_1,,,,,,,,,,,,,,,,,,,,,
,,,,,,,,,,,,,,,,,,,,,,,,,,,,,,,,,,,,,,,,,,,,,,,,,,,,,,,,,,,,,,,,,,,,,,,,,,,,,,,,,,,,,,,,,,,,,,,,,,,,,,,,,,,,,,,,,,,,,,,,,,,,,,,,,,,,,,,,,,,,,,,,,mainWorld_1_meadow_1_progression_reward_gauge,1200,currency.xp,100_coins,435,,,,,,,,,,,,,mainWorld_55_snow&forest_1,,,,,,,,,,,,,,,,,,,,,
,,,,,,,,,,,,,,,,,,,,,,,,,,,,,,,,,,,,,,,,,,,,,,,,,,,,,,,,,,,,,,,,,,,,,,,,,,,,,,,,,,,,,,,,,,,,,,,,,,,,,,,,,,,,,,,,,,,,,,,,,,,,,,,,,,,,,,,,,,,,,,,,,mainWorld_1_meadow_1_progression_reward_gauge,1200,currency.xp,egg_common,806,,,,,,,,,,,,,mainWorld_56_sea&forest_1,,,,,,,,,,,,,,,,,,,,,
,,,,,,,,,,,,,,,,,,,,,,,,,,,,,,,,,,,,,,,,,,,,,,,,,,,,,,,,,,,,,,,,,,,,,,,,,,,,,,,,,,,,,,,,,,,,,,,,,,,,,,,,,,,,,,,,,,,,,,,,,,,,,,,,,,,,,,,,,,,,,,,,,mainWorld_1_meadow_1_progression_reward_gauge,1200,currency.xp,egg_common,1200,,,,,,,,,,,,,mainWorld_57_forest&meadow_1,,,,,,,,,,,,,,,,,,,,,
,,,,,,,,,,,,,,,,,,,,,,,,,,,,,,,,,,,,,,,,,,,,,,,,,,,,,,,,,,,,,,,,,,,,,,,,,,,,,,,,,,,,,,,,,,,,,,,,,,,,,,,,,,,,,,,,,,,,,,,,,,,,,,,,,,,,,,,,,,,,,,,,,mainWorld_2_sea_1_progression_reward_gauge,12000,currency.xp,gems_15,986,,,,,,,,,,,,,mainWorld_58_savanna_1,,,,,,,,,,,,,,,,,,,,,
,,,,,,,,,,,,,,,,,,,,,,,,,,,,,,,,,,,,,,,,,,,,,,,,,,,,,,,,,,,,,,,,,,,,,,,,,,,,,,,,,,,,,,,,,,,,,,,,,,,,,,,,,,,,,,,,,,,,,,,,,,,,,,,,,,,,,,,,,,,,,,,,,mainWorld_2_sea_1_progression_reward_gauge,12000,currency.xp,100_coins,4345,,,,,,,,,,,,,mainWorld_59_sea&savanna_1,,,,,,,,,,,,,,,,,,,,,
,,,,,,,,,,,,,,,,,,,,,,,,,,,,,,,,,,,,,,,,,,,,,,,,,,,,,,,,,,,,,,,,,,,,,,,,,,,,,,,,,,,,,,,,,,,,,,,,,,,,,,,,,,,,,,,,,,,,,,,,,,,,,,,,,,,,,,,,,,,,,,,,,mainWorld_2_sea_1_progression_reward_gauge,12000,currency.xp,egg_common,8057,,,,,,,,,,,,,mainWorld_60_sea_1,,,,,,,,,,,,,,,,,,,,,
,,,,,,,,,,,,,,,,,,,,,,,,,,,,,,,,,,,,,,,,,,,,,,,,,,,,,,,,,,,,,,,,,,,,,,,,,,,,,,,,,,,,,,,,,,,,,,,,,,,,,,,,,,,,,,,,,,,,,,,,,,,,,,,,,,,,,,,,,,,,,,,,,mainWorld_2_sea_1_progression_reward_gauge,12000,currency.xp,egg_common,12000,,,,,,,,,,,,,,,,,,,,,,,,,,,,,,,,,,
,,,,,,,,,,,,,,,,,,,,,,,,,,,,,,,,,,,,,,,,,,,,,,,,,,,,,,,,,,,,,,,,,,,,,,,,,,,,,,,,,,,,,,,,,,,,,,,,,,,,,,,,,,,,,,,,,,,,,,,,,,,,,,,,,,,,,,,,,,,,,,,,,mainWorld_3_forest_1_progression_reward_gauge,20000,currency.xp,50_coins,1643,,,,,,,,,,,,,,,,,,,,,,,,,,,,,,,,,,
,,,,,,,,,,,,,,,,,,,,,,,,,,,,,,,,,,,,,,,,,,,,,,,,,,,,,,,,,,,,,,,,,,,,,,,,,,,,,,,,,,,,,,,,,,,,,,,,,,,,,,,,,,,,,,,,,,,,,,,,,,,,,,,,,,,,,,,,,,,,,,,,,mainWorld_3_forest_1_progression_reward_gauge,20000,currency.xp,100_coins,7242,,,,,,,,,,,,,,,,,,,,,,,,,,,,,,,,,,
,,,,,,,,,,,,,,,,,,,,,,,,,,,,,,,,,,,,,,,,,,,,,,,,,,,,,,,,,,,,,,,,,,,,,,,,,,,,,,,,,,,,,,,,,,,,,,,,,,,,,,,,,,,,,,,,,,,,,,,,,,,,,,,,,,,,,,,,,,,,,,,,,mainWorld_3_forest_1_progression_reward_gauge,20000,currency.xp,egg_common,13429,,,,,,,,,,,,,,,,,,,,,,,,,,,,,,,,,,
,,,,,,,,,,,,,,,,,,,,,,,,,,,,,,,,,,,,,,,,,,,,,,,,,,,,,,,,,,,,,,,,,,,,,,,,,,,,,,,,,,,,,,,,,,,,,,,,,,,,,,,,,,,,,,,,,,,,,,,,,,,,,,,,,,,,,,,,,,,,,,,,,mainWorld_3_forest_1_progression_reward_gauge,20000,currency.xp,medium_potion,20000,,,,,,,,,,,,,,,,,,,,,,,,,,,,,,,,,,
,,,,,,,,,,,,,,,,,,,,,,,,,,,,,,,,,,,,,,,,,,,,,,,,,,,,,,,,,,,,,,,,,,,,,,,,,,,,,,,,,,,,,,,,,,,,,,,,,,,,,,,,,,,,,,,,,,,,,,,,,,,,,,,,,,,,,,,,,,,,,,,,,mainWorld_4_meadow_1_progression_reward_gauge,56000,currency.xp,50_coins,4600,,,,,,,,,,,,,,,,,,,,,,,,,,,,,,,,,,
,,,,,,,,,,,,,,,,,,,,,,,,,,,,,,,,,,,,,,,,,,,,,,,,,,,,,,,,,,,,,,,,,,,,,,,,,,,,,,,,,,,,,,,,,,,,,,,,,,,,,,,,,,,,,,,,,,,,,,,,,,,,,,,,,,,,,,,,,,,,,,,,,mainWorld_4_meadow_1_progression_reward_gauge,56000,currency.xp,100_coins,20277,,,,,,,,,,,,,,,,,,,,,,,,,,,,,,,,,,
,,,,,,,,,,,,,,,,,,,,,,,,,,,,,,,,,,,,,,,,,,,,,,,,,,,,,,,,,,,,,,,,,,,,,,,,,,,,,,,,,,,,,,,,,,,,,,,,,,,,,,,,,,,,,,,,,,,,,,,,,,,,,,,,,,,,,,,,,,,,,,,,,mainWorld_4_meadow_1_progression_reward_gauge,56000,currency.xp,egg_common,37601,,,,,,,,,,,,,,,,,,,,,,,,,,,,,,,,,,
,,,,,,,,,,,,,,,,,,,,,,,,,,,,,,,,,,,,,,,,,,,,,,,,,,,,,,,,,,,,,,,,,,,,,,,,,,,,,,,,,,,,,,,,,,,,,,,,,,,,,,,,,,,,,,,,,,,,,,,,,,,,,,,,,,,,,,,,,,,,,,,,,mainWorld_4_meadow_1_progression_reward_gauge,56000,currency.xp,medium_potion,56000,,,,,,,,,,,,,,,,,,,,,,,,,,,,,,,,,,
,,,,,,,,,,,,,,,,,,,,,,,,,,,,,,,,,,,,,,,,,,,,,,,,,,,,,,,,,,,,,,,,,,,,,,,,,,,,,,,,,,,,,,,,,,,,,,,,,,,,,,,,,,,,,,,,,,,,,,,,,,,,,,,,,,,,,,,,,,,,,,,,,mainWorld_5_sea&forest_1_progression_reward_gauge,90000,currency.xp,50_coins,7392,,,,,,,,,,,,,,,,,,,,,,,,,,,,,,,,,,
,,,,,,,,,,,,,,,,,,,,,,,,,,,,,,,,,,,,,,,,,,,,,,,,,,,,,,,,,,,,,,,,,,,,,,,,,,,,,,,,,,,,,,,,,,,,,,,,,,,,,,,,,,,,,,,,,,,,,,,,,,,,,,,,,,,,,,,,,,,,,,,,,mainWorld_5_sea&forest_1_progression_reward_gauge,90000,currency.xp,shards_5,32588,,,,,,,,,,,,,,,,,,,,,,,,,,,,,,,,,,
,,,,,,,,,,,,,,,,,,,,,,,,,,,,,,,,,,,,,,,,,,,,,,,,,,,,,,,,,,,,,,,,,,,,,,,,,,,,,,,,,,,,,,,,,,,,,,,,,,,,,,,,,,,,,,,,,,,,,,,,,,,,,,,,,,,,,,,,,,,,,,,,,mainWorld_5_sea&forest_1_progression_reward_gauge,90000,currency.xp,egg_common,60430,,,,,,,,,,,,,,,,,,,,,,,,,,,,,,,,,,
,,,,,,,,,,,,,,,,,,,,,,,,,,,,,,,,,,,,,,,,,,,,,,,,,,,,,,,,,,,,,,,,,,,,,,,,,,,,,,,,,,,,,,,,,,,,,,,,,,,,,,,,,,,,,,,,,,,,,,,,,,,,,,,,,,,,,,,,,,,,,,,,,mainWorld_5_sea&forest_1_progression_reward_gauge,90000,currency.xp,medium_potion,90000,,,,,,,,,,,,,,,,,,,,,,,,,,,,,,,,,,
,,,,,,,,,,,,,,,,,,,,,,,,,,,,,,,,,,,,,,,,,,,,,,,,,,,,,,,,,,,,,,,,,,,,,,,,,,,,,,,,,,,,,,,,,,,,,,,,,,,,,,,,,,,,,,,,,,,,,,,,,,,,,,,,,,,,,,,,,,,,,,,,,mainWorld_6_forest&meadow_1_progression_reward_gauge,180000,currency.xp,shards_5,14785,,,,,,,,,,,,,,,,,,,,,,,,,,,,,,,,,,
,,,,,,,,,,,,,,,,,,,,,,,,,,,,,,,,,,,,,,,,,,,,,,,,,,,,,,,,,,,,,,,,,,,,,,,,,,,,,,,,,,,,,,,,,,,,,,,,,,,,,,,,,,,,,,,,,,,,,,,,,,,,,,,,,,,,,,,,,,,,,,,,,mainWorld_6_forest&meadow_1_progression_reward_gauge,180000,currency.xp,shards_5,65175,,,,,,,,,,,,,,,,,,,,,,,,,,,,,,,,,,
,,,,,,,,,,,,,,,,,,,,,,,,,,,,,,,,,,,,,,,,,,,,,,,,,,,,,,,,,,,,,,,,,,,,,,,,,,,,,,,,,,,,,,,,,,,,,,,,,,,,,,,,,,,,,,,,,,,,,,,,,,,,,,,,,,,,,,,,,,,,,,,,,mainWorld_6_forest&meadow_1_progression_reward_gauge,180000,currency.xp,medium_gems,120860,,,,,,,,,,,,,,,,,,,,,,,,,,,,,,,,,,
,,,,,,,,,,,,,,,,,,,,,,,,,,,,,,,,,,,,,,,,,,,,,,,,,,,,,,,,,,,,,,,,,,,,,,,,,,,,,,,,,,,,,,,,,,,,,,,,,,,,,,,,,,,,,,,,,,,,,,,,,,,,,,,,,,,,,,,,,,,,,,,,,mainWorld_6_forest&meadow_1_progression_reward_gauge,180000,currency.xp,small_coins,180000,,,,,,,,,,,,,,,,,,,,,,,,,,,,,,,,,,
,,,,,,,,,,,,,,,,,,,,,,,,,,,,,,,,,,,,,,,,,,,,,,,,,,,,,,,,,,,,,,,,,,,,,,,,,,,,,,,,,,,,,,,,,,,,,,,,,,,,,,,,,,,,,,,,,,,,,,,,,,,,,,,,,,,,,,,,,,,,,,,,,mainWorld_7_savanna_1_progression_reward_gauge,205000,currency.xp,50_coins,16838,,,,,,,,,,,,,,,,,,,,,,,,,,,,,,,,,,
,,,,,,,,,,,,,,,,,,,,,,,,,,,,,,,,,,,,,,,,,,,,,,,,,,,,,,,,,,,,,,,,,,,,,,,,,,,,,,,,,,,,,,,,,,,,,,,,,,,,,,,,,,,,,,,,,,,,,,,,,,,,,,,,,,,,,,,,,,,,,,,,,mainWorld_7_savanna_1_progression_reward_gauge,205000,currency.xp,medium_gems,74227,,,,,,,,,,,,,,,,,,,,,,,,,,,,,,,,,,
,,,,,,,,,,,,,,,,,,,,,,,,,,,,,,,,,,,,,,,,,,,,,,,,,,,,,,,,,,,,,,,,,,,,,,,,,,,,,,,,,,,,,,,,,,,,,,,,,,,,,,,,,,,,,,,,,,,,,,,,,,,,,,,,,,,,,,,,,,,,,,,,,mainWorld_7_savanna_1_progression_reward_gauge,205000,currency.xp,egg_common,137646,,,,,,,,,,,,,,,,,,,,,,,,,,,,,,,,,,
,,,,,,,,,,,,,,,,,,,,,,,,,,,,,,,,,,,,,,,,,,,,,,,,,,,,,,,,,,,,,,,,,,,,,,,,,,,,,,,,,,,,,,,,,,,,,,,,,,,,,,,,,,,,,,,,,,,,,,,,,,,,,,,,,,,,,,,,,,,,,,,,,mainWorld_7_savanna_1_progression_reward_gauge,205000,currency.xp,medium_potion,205000,,,,,,,,,,,,,,,,,,,,,,,,,,,,,,,,,,
,,,,,,,,,,,,,,,,,,,,,,,,,,,,,,,,,,,,,,,,,,,,,,,,,,,,,,,,,,,,,,,,,,,,,,,,,,,,,,,,,,,,,,,,,,,,,,,,,,,,,,,,,,,,,,,,,,,,,,,,,,,,,,,,,,,,,,,,,,,,,,,,,mainWorld_8_sea&savanna_1_progression_reward_gauge,230000,currency.xp,50_coins,18892,,,,,,,,,,,,,,,,,,,,,,,,,,,,,,,,,,
,,,,,,,,,,,,,,,,,,,,,,,,,,,,,,,,,,,,,,,,,,,,,,,,,,,,,,,,,,,,,,,,,,,,,,,,,,,,,,,,,,,,,,,,,,,,,,,,,,,,,,,,,,,,,,,,,,,,,,,,,,,,,,,,,,,,,,,,,,,,,,,,,mainWorld_8_sea&savanna_1_progression_reward_gauge,230000,currency.xp,medium_gems,83280,,,,,,,,,,,,,,,,,,,,,,,,,,,,,,,,,,
,,,,,,,,,,,,,,,,,,,,,,,,,,,,,,,,,,,,,,,,,,,,,,,,,,,,,,,,,,,,,,,,,,,,,,,,,,,,,,,,,,,,,,,,,,,,,,,,,,,,,,,,,,,,,,,,,,,,,,,,,,,,,,,,,,,,,,,,,,,,,,,,,mainWorld_8_sea&savanna_1_progression_reward_gauge,230000,currency.xp,egg_common,154433,,,,,,,,,,,,,,,,,,,,,,,,,,,,,,,,,,
,,,,,,,,,,,,,,,,,,,,,,,,,,,,,,,,,,,,,,,,,,,,,,,,,,,,,,,,,,,,,,,,,,,,,,,,,,,,,,,,,,,,,,,,,,,,,,,,,,,,,,,,,,,,,,,,,,,,,,,,,,,,,,,,,,,,,,,,,,,,,,,,,mainWorld_8_sea&savanna_1_progression_reward_gauge,230000,currency.xp,medium_potion,230000,,,,,,,,,,,,,,,,,,,,,,,,,,,,,,,,,,
,,,,,,,,,,,,,,,,,,,,,,,,,,,,,,,,,,,,,,,,,,,,,,,,,,,,,,,,,,,,,,,,,,,,,,,,,,,,,,,,,,,,,,,,,,,,,,,,,,,,,,,,,,,,,,,,,,,,,,,,,,,,,,,,,,,,,,,,,,,,,,,,,mainWorld_9_sea_1_progression_reward_gauge,255000,currency.xp,50_coins,20945,,,,,,,,,,,,,,,,,,,,,,,,,,,,,,,,,,
,,,,,,,,,,,,,,,,,,,,,,,,,,,,,,,,,,,,,,,,,,,,,,,,,,,,,,,,,,,,,,,,,,,,,,,,,,,,,,,,,,,,,,,,,,,,,,,,,,,,,,,,,,,,,,,,,,,,,,,,,,,,,,,,,,,,,,,,,,,,,,,,,mainWorld_9_sea_1_progression_reward_gauge,255000,currency.xp,100_coins,92332,,,,,,,,,,,,,,,,,,,,,,,,,,,,,,,,,,
,,,,,,,,,,,,,,,,,,,,,,,,,,,,,,,,,,,,,,,,,,,,,,,,,,,,,,,,,,,,,,,,,,,,,,,,,,,,,,,,,,,,,,,,,,,,,,,,,,,,,,,,,,,,,,,,,,,,,,,,,,,,,,,,,,,,,,,,,,,,,,,,,mainWorld_9_sea_1_progression_reward_gauge,255000,currency.xp,egg_common,171219,,,,,,,,,,,,,,,,,,,,,,,,,,,,,,,,,,
,,,,,,,,,,,,,,,,,,,,,,,,,,,,,,,,,,,,,,,,,,,,,,,,,,,,,,,,,,,,,,,,,,,,,,,,,,,,,,,,,,,,,,,,,,,,,,,,,,,,,,,,,,,,,,,,,,,,,,,,,,,,,,,,,,,,,,,,,,,,,,,,,mainWorld_9_sea_1_progression_reward_gauge,255000,currency.xp,medium_potion,255000,,,,,,,,,,,,,,,,,,,,,,,,,,,,,,,,,,
,,,,,,,,,,,,,,,,,,,,,,,,,,,,,,,,,,,,,,,,,,,,,,,,,,,,,,,,,,,,,,,,,,,,,,,,,,,,,,,,,,,,,,,,,,,,,,,,,,,,,,,,,,,,,,,,,,,,,,,,,,,,,,,,,,,,,,,,,,,,,,,,,mainWorld_10_savanna&meadow_1_progression_reward_gauge,280000,currency.xp,50_coins,22999,,,,,,,,,,,,,,,,,,,,,,,,,,,,,,,,,,
,,,,,,,,,,,,,,,,,,,,,,,,,,,,,,,,,,,,,,,,,,,,,,,,,,,,,,,,,,,,,,,,,,,,,,,,,,,,,,,,,,,,,,,,,,,,,,,,,,,,,,,,,,,,,,,,,,,,,,,,,,,,,,,,,,,,,,,,,,,,,,,,,mainWorld_10_savanna&meadow_1_progression_reward_gauge,280000,currency.xp,100_coins,101384,,,,,,,,,,,,,,,,,,,,,,,,,,,,,,,,,,
,,,,,,,,,,,,,,,,,,,,,,,,,,,,,,,,,,,,,,,,,,,,,,,,,,,,,,,,,,,,,,,,,,,,,,,,,,,,,,,,,,,,,,,,,,,,,,,,,,,,,,,,,,,,,,,,,,,,,,,,,,,,,,,,,,,,,,,,,,,,,,,,,mainWorld_10_savanna&meadow_1_progression_reward_gauge,280000,currency.xp,egg_common,188005,,,,,,,,,,,,,,,,,,,,,,,,,,,,,,,,,,
,,,,,,,,,,,,,,,,,,,,,,,,,,,,,,,,,,,,,,,,,,,,,,,,,,,,,,,,,,,,,,,,,,,,,,,,,,,,,,,,,,,,,,,,,,,,,,,,,,,,,,,,,,,,,,,,,,,,,,,,,,,,,,,,,,,,,,,,,,,,,,,,,mainWorld_10_savanna&meadow_1_progression_reward_gauge,280000,currency.xp,medium_potion,280000,,,,,,,,,,,,,,,,,,,,,,,,,,,,,,,,,,
,,,,,,,,,,,,,,,,,,,,,,,,,,,,,,,,,,,,,,,,,,,,,,,,,,,,,,,,,,,,,,,,,,,,,,,,,,,,,,,,,,,,,,,,,,,,,,,,,,,,,,,,,,,,,,,,,,,,,,,,,,,,,,,,,,,,,,,,,,,,,,,,,mainWorld_11_jungle_1_progression_reward_gauge,305000,currency.xp,shards_5,25052,,,,,,,,,,,,,,,,,,,,,,,,,,,,,,,,,,
,,,,,,,,,,,,,,,,,,,,,,,,,,,,,,,,,,,,,,,,,,,,,,,,,,,,,,,,,,,,,,,,,,,,,,,,,,,,,,,,,,,,,,,,,,,,,,,,,,,,,,,,,,,,,,,,,,,,,,,,,,,,,,,,,,,,,,,,,,,,,,,,,mainWorld_11_jungle_1_progression_reward_gauge,305000,currency.xp,100_coins,110436,,,,,,,,,,,,,,,,,,,,,,,,,,,,,,,,,,
,,,,,,,,,,,,,,,,,,,,,,,,,,,,,,,,,,,,,,,,,,,,,,,,,,,,,,,,,,,,,,,,,,,,,,,,,,,,,,,,,,,,,,,,,,,,,,,,,,,,,,,,,,,,,,,,,,,,,,,,,,,,,,,,,,,,,,,,,,,,,,,,,mainWorld_11_jungle_1_progression_reward_gauge,305000,currency.xp,egg_common,204791,,,,,,,,,,,,,,,,,,,,,,,,,,,,,,,,,,
,,,,,,,,,,,,,,,,,,,,,,,,,,,,,,,,,,,,,,,,,,,,,,,,,,,,,,,,,,,,,,,,,,,,,,,,,,,,,,,,,,,,,,,,,,,,,,,,,,,,,,,,,,,,,,,,,,,,,,,,,,,,,,,,,,,,,,,,,,,,,,,,,mainWorld_11_jungle_1_progression_reward_gauge,305000,currency.xp,small_coins,305000,,,,,,,,,,,,,,,,,,,,,,,,,,,,,,,,,,
,,,,,,,,,,,,,,,,,,,,,,,,,,,,,,,,,,,,,,,,,,,,,,,,,,,,,,,,,,,,,,,,,,,,,,,,,,,,,,,,,,,,,,,,,,,,,,,,,,,,,,,,,,,,,,,,,,,,,,,,,,,,,,,,,,,,,,,,,,,,,,,,,mainWorld_12_savanna&jungle_1_progression_reward_gauge,330000,currency.xp,shards_5,27106,,,,,,,,,,,,,,,,,,,,,,,,,,,,,,,,,,
,,,,,,,,,,,,,,,,,,,,,,,,,,,,,,,,,,,,,,,,,,,,,,,,,,,,,,,,,,,,,,,,,,,,,,,,,,,,,,,,,,,,,,,,,,,,,,,,,,,,,,,,,,,,,,,,,,,,,,,,,,,,,,,,,,,,,,,,,,,,,,,,,mainWorld_12_savanna&jungle_1_progression_reward_gauge,330000,currency.xp,shards_5,119488,,,,,,,,,,,,,,,,,,,,,,,,,,,,,,,,,,
,,,,,,,,,,,,,,,,,,,,,,,,,,,,,,,,,,,,,,,,,,,,,,,,,,,,,,,,,,,,,,,,,,,,,,,,,,,,,,,,,,,,,,,,,,,,,,,,,,,,,,,,,,,,,,,,,,,,,,,,,,,,,,,,,,,,,,,,,,,,,,,,,mainWorld_12_savanna&jungle_1_progression_reward_gauge,330000,currency.xp,egg_common,221577,,,,,,,,,,,,,,,,,,,,,,,,,,,,,,,,,,
,,,,,,,,,,,,,,,,,,,,,,,,,,,,,,,,,,,,,,,,,,,,,,,,,,,,,,,,,,,,,,,,,,,,,,,,,,,,,,,,,,,,,,,,,,,,,,,,,,,,,,,,,,,,,,,,,,,,,,,,,,,,,,,,,,,,,,,,,,,,,,,,,mainWorld_12_savanna&jungle_1_progression_reward_gauge,330000,currency.xp,small_coins,330000,,,,,,,,,,,,,,,,,,,,,,,,,,,,,,,,,,
,,,,,,,,,,,,,,,,,,,,,,,,,,,,,,,,,,,,,,,,,,,,,,,,,,,,,,,,,,,,,,,,,,,,,,,,,,,,,,,,,,,,,,,,,,,,,,,,,,,,,,,,,,,,,,,,,,,,,,,,,,,,,,,,,,,,,,,,,,,,,,,,,mainWorld_13_meadow&sea_1_progression_reward_gauge,355000,currency.xp,50_coins,29159,,,,,,,,,,,,,,,,,,,,,,,,,,,,,,,,,,
,,,,,,,,,,,,,,,,,,,,,,,,,,,,,,,,,,,,,,,,,,,,,,,,,,,,,,,,,,,,,,,,,,,,,,,,,,,,,,,,,,,,,,,,,,,,,,,,,,,,,,,,,,,,,,,,,,,,,,,,,,,,,,,,,,,,,,,,,,,,,,,,,mainWorld_13_meadow&sea_1_progression_reward_gauge,355000,currency.xp,medium_gems,128540,,,,,,,,,,,,,,,,,,,,,,,,,,,,,,,,,,
,,,,,,,,,,,,,,,,,,,,,,,,,,,,,,,,,,,,,,,,,,,,,,,,,,,,,,,,,,,,,,,,,,,,,,,,,,,,,,,,,,,,,,,,,,,,,,,,,,,,,,,,,,,,,,,,,,,,,,,,,,,,,,,,,,,,,,,,,,,,,,,,,mainWorld_13_meadow&sea_1_progression_reward_gauge,355000,currency.xp,egg_common,238363,,,,,,,,,,,,,,,,,,,,,,,,,,,,,,,,,,
,,,,,,,,,,,,,,,,,,,,,,,,,,,,,,,,,,,,,,,,,,,,,,,,,,,,,,,,,,,,,,,,,,,,,,,,,,,,,,,,,,,,,,,,,,,,,,,,,,,,,,,,,,,,,,,,,,,,,,,,,,,,,,,,,,,,,,,,,,,,,,,,,mainWorld_13_meadow&sea_1_progression_reward_gauge,355000,currency.xp,medium_potion,355000,,,,,,,,,,,,,,,,,,,,,,,,,,,,,,,,,,
,,,,,,,,,,,,,,,,,,,,,,,,,,,,,,,,,,,,,,,,,,,,,,,,,,,,,,,,,,,,,,,,,,,,,,,,,,,,,,,,,,,,,,,,,,,,,,,,,,,,,,,,,,,,,,,,,,,,,,,,,,,,,,,,,,,,,,,,,,,,,,,,,mainWorld_14_cave_1_progression_reward_gauge,380000,currency.xp,50_coins,31213,,,,,,,,,,,,,,,,,,,,,,,,,,,,,,,,,,
,,,,,,,,,,,,,,,,,,,,,,,,,,,,,,,,,,,,,,,,,,,,,,,,,,,,,,,,,,,,,,,,,,,,,,,,,,,,,,,,,,,,,,,,,,,,,,,,,,,,,,,,,,,,,,,,,,,,,,,,,,,,,,,,,,,,,,,,,,,,,,,,,mainWorld_14_cave_1_progression_reward_gauge,380000,currency.xp,medium_gems,137592,,,,,,,,,,,,,,,,,,,,,,,,,,,,,,,,,,
,,,,,,,,,,,,,,,,,,,,,,,,,,,,,,,,,,,,,,,,,,,,,,,,,,,,,,,,,,,,,,,,,,,,,,,,,,,,,,,,,,,,,,,,,,,,,,,,,,,,,,,,,,,,,,,,,,,,,,,,,,,,,,,,,,,,,,,,,,,,,,,,,mainWorld_14_cave_1_progression_reward_gauge,380000,currency.xp,egg_common,255149,,,,,,,,,,,,,,,,,,,,,,,,,,,,,,,,,,
,,,,,,,,,,,,,,,,,,,,,,,,,,,,,,,,,,,,,,,,,,,,,,,,,,,,,,,,,,,,,,,,,,,,,,,,,,,,,,,,,,,,,,,,,,,,,,,,,,,,,,,,,,,,,,,,,,,,,,,,,,,,,,,,,,,,,,,,,,,,,,,,,mainWorld_14_cave_1_progression_reward_gauge,380000,currency.xp,medium_potion,380000,,,,,,,,,,,,,,,,,,,,,,,,,,,,,,,,,,
,,,,,,,,,,,,,,,,,,,,,,,,,,,,,,,,,,,,,,,,,,,,,,,,,,,,,,,,,,,,,,,,,,,,,,,,,,,,,,,,,,,,,,,,,,,,,,,,,,,,,,,,,,,,,,,,,,,,,,,,,,,,,,,,,,,,,,,,,,,,,,,,,mainWorld_15_cave&jungle_1_progression_reward_gauge,405000,currency.xp,shards_5,33266,,,,,,,,,,,,,,,,,,,,,,,,,,,,,,,,,,
,,,,,,,,,,,,,,,,,,,,,,,,,,,,,,,,,,,,,,,,,,,,,,,,,,,,,,,,,,,,,,,,,,,,,,,,,,,,,,,,,,,,,,,,,,,,,,,,,,,,,,,,,,,,,,,,,,,,,,,,,,,,,,,,,,,,,,,,,,,,,,,,,mainWorld_15_cave&jungle_1_progression_reward_gauge,405000,currency.xp,medium_gems,146645,,,,,,,,,,,,,,,,,,,,,,,,,,,,,,,,,,
,,,,,,,,,,,,,,,,,,,,,,,,,,,,,,,,,,,,,,,,,,,,,,,,,,,,,,,,,,,,,,,,,,,,,,,,,,,,,,,,,,,,,,,,,,,,,,,,,,,,,,,,,,,,,,,,,,,,,,,,,,,,,,,,,,,,,,,,,,,,,,,,,mainWorld_15_cave&jungle_1_progression_reward_gauge,405000,currency.xp,medium_potion,271936,,,,,,,,,,,,,,,,,,,,,,,,,,,,,,,,,,
,,,,,,,,,,,,,,,,,,,,,,,,,,,,,,,,,,,,,,,,,,,,,,,,,,,,,,,,,,,,,,,,,,,,,,,,,,,,,,,,,,,,,,,,,,,,,,,,,,,,,,,,,,,,,,,,,,,,,,,,,,,,,,,,,,,,,,,,,,,,,,,,,mainWorld_15_cave&jungle_1_progression_reward_gauge,405000,currency.xp,small_coins,405000,,,,,,,,,,,,,,,,,,,,,,,,,,,,,,,,,,
,,,,,,,,,,,,,,,,,,,,,,,,,,,,,,,,,,,,,,,,,,,,,,,,,,,,,,,,,,,,,,,,,,,,,,,,,,,,,,,,,,,,,,,,,,,,,,,,,,,,,,,,,,,,,,,,,,,,,,,,,,,,,,,,,,,,,,,,,,,,,,,,,mainWorld_16_savanna_1_progression_reward_gauge,430000,currency.xp,shards_5,35320,,,,,,,,,,,,,,,,,,,,,,,,,,,,,,,,,,
,,,,,,,,,,,,,,,,,,,,,,,,,,,,,,,,,,,,,,,,,,,,,,,,,,,,,,,,,,,,,,,,,,,,,,,,,,,,,,,,,,,,,,,,,,,,,,,,,,,,,,,,,,,,,,,,,,,,,,,,,,,,,,,,,,,,,,,,,,,,,,,,,mainWorld_16_savanna_1_progression_reward_gauge,430000,currency.xp,medium_gems,155697,,,,,,,,,,,,,,,,,,,,,,,,,,,,,,,,,,
,,,,,,,,,,,,,,,,,,,,,,,,,,,,,,,,,,,,,,,,,,,,,,,,,,,,,,,,,,,,,,,,,,,,,,,,,,,,,,,,,,,,,,,,,,,,,,,,,,,,,,,,,,,,,,,,,,,,,,,,,,,,,,,,,,,,,,,,,,,,,,,,,mainWorld_16_savanna_1_progression_reward_gauge,430000,currency.xp,medium_potion,288722,,,,,,,,,,,,,,,,,,,,,,,,,,,,,,,,,,
,,,,,,,,,,,,,,,,,,,,,,,,,,,,,,,,,,,,,,,,,,,,,,,,,,,,,,,,,,,,,,,,,,,,,,,,,,,,,,,,,,,,,,,,,,,,,,,,,,,,,,,,,,,,,,,,,,,,,,,,,,,,,,,,,,,,,,,,,,,,,,,,,mainWorld_16_savanna_1_progression_reward_gauge,430000,currency.xp,small_coins,430000,,,,,,,,,,,,,,,,,,,,,,,,,,,,,,,,,,
,,,,,,,,,,,,,,,,,,,,,,,,,,,,,,,,,,,,,,,,,,,,,,,,,,,,,,,,,,,,,,,,,,,,,,,,,,,,,,,,,,,,,,,,,,,,,,,,,,,,,,,,,,,,,,,,,,,,,,,,,,,,,,,,,,,,,,,,,,,,,,,,,mainWorld_17_cave_1_progression_reward_gauge,455000,currency.xp,shards_5,37373,,,,,,,,,,,,,,,,,,,,,,,,,,,,,,,,,,
,,,,,,,,,,,,,,,,,,,,,,,,,,,,,,,,,,,,,,,,,,,,,,,,,,,,,,,,,,,,,,,,,,,,,,,,,,,,,,,,,,,,,,,,,,,,,,,,,,,,,,,,,,,,,,,,,,,,,,,,,,,,,,,,,,,,,,,,,,,,,,,,,mainWorld_17_cave_1_progression_reward_gauge,455000,currency.xp,medium_gems,164749,,,,,,,,,,,,,,,,,,,,,,,,,,,,,,,,,,
,,,,,,,,,,,,,,,,,,,,,,,,,,,,,,,,,,,,,,,,,,,,,,,,,,,,,,,,,,,,,,,,,,,,,,,,,,,,,,,,,,,,,,,,,,,,,,,,,,,,,,,,,,,,,,,,,,,,,,,,,,,,,,,,,,,,,,,,,,,,,,,,,mainWorld_17_cave_1_progression_reward_gauge,455000,currency.xp,medium_potion,305508,,,,,,,,,,,,,,,,,,,,,,,,,,,,,,,,,,
,,,,,,,,,,,,,,,,,,,,,,,,,,,,,,,,,,,,,,,,,,,,,,,,,,,,,,,,,,,,,,,,,,,,,,,,,,,,,,,,,,,,,,,,,,,,,,,,,,,,,,,,,,,,,,,,,,,,,,,,,,,,,,,,,,,,,,,,,,,,,,,,,mainWorld_17_cave_1_progression_reward_gauge,455000,currency.xp,small_coins,455000,,,,,,,,,,,,,,,,,,,,,,,,,,,,,,,,,,
,,,,,,,,,,,,,,,,,,,,,,,,,,,,,,,,,,,,,,,,,,,,,,,,,,,,,,,,,,,,,,,,,,,,,,,,,,,,,,,,,,,,,,,,,,,,,,,,,,,,,,,,,,,,,,,,,,,,,,,,,,,,,,,,,,,,,,,,,,,,,,,,,mainWorld_18_sea&forest_1_progression_reward_gauge,480000,currency.xp,shards_5,39427,,,,,,,,,,,,,,,,,,,,,,,,,,,,,,,,,,
,,,,,,,,,,,,,,,,,,,,,,,,,,,,,,,,,,,,,,,,,,,,,,,,,,,,,,,,,,,,,,,,,,,,,,,,,,,,,,,,,,,,,,,,,,,,,,,,,,,,,,,,,,,,,,,,,,,,,,,,,,,,,,,,,,,,,,,,,,,,,,,,,mainWorld_18_sea&forest_1_progression_reward_gauge,480000,currency.xp,100_coins,173801,,,,,,,,,,,,,,,,,,,,,,,,,,,,,,,,,,
,,,,,,,,,,,,,,,,,,,,,,,,,,,,,,,,,,,,,,,,,,,,,,,,,,,,,,,,,,,,,,,,,,,,,,,,,,,,,,,,,,,,,,,,,,,,,,,,,,,,,,,,,,,,,,,,,,,,,,,,,,,,,,,,,,,,,,,,,,,,,,,,,mainWorld_18_sea&forest_1_progression_reward_gauge,480000,currency.xp,egg_common,322294,,,,,,,,,,,,,,,,,,,,,,,,,,,,,,,,,,
,,,,,,,,,,,,,,,,,,,,,,,,,,,,,,,,,,,,,,,,,,,,,,,,,,,,,,,,,,,,,,,,,,,,,,,,,,,,,,,,,,,,,,,,,,,,,,,,,,,,,,,,,,,,,,,,,,,,,,,,,,,,,,,,,,,,,,,,,,,,,,,,,mainWorld_18_sea&forest_1_progression_reward_gauge,480000,currency.xp,small_coins,480000,,,,,,,,,,,,,,,,,,,,,,,,,,,,,,,,,,
,,,,,,,,,,,,,,,,,,,,,,,,,,,,,,,,,,,,,,,,,,,,,,,,,,,,,,,,,,,,,,,,,,,,,,,,,,,,,,,,,,,,,,,,,,,,,,,,,,,,,,,,,,,,,,,,,,,,,,,,,,,,,,,,,,,,,,,,,,,,,,,,,mainWorld_19_meadow_1_progression_reward_gauge,505000,currency.xp,shards_5,41480,,,,,,,,,,,,,,,,,,,,,,,,,,,,,,,,,,
,,,,,,,,,,,,,,,,,,,,,,,,,,,,,,,,,,,,,,,,,,,,,,,,,,,,,,,,,,,,,,,,,,,,,,,,,,,,,,,,,,,,,,,,,,,,,,,,,,,,,,,,,,,,,,,,,,,,,,,,,,,,,,,,,,,,,,,,,,,,,,,,,mainWorld_19_meadow_1_progression_reward_gauge,505000,currency.xp,egg_common,182853,,,,,,,,,,,,,,,,,,,,,,,,,,,,,,,,,,
,,,,,,,,,,,,,,,,,,,,,,,,,,,,,,,,,,,,,,,,,,,,,,,,,,,,,,,,,,,,,,,,,,,,,,,,,,,,,,,,,,,,,,,,,,,,,,,,,,,,,,,,,,,,,,,,,,,,,,,,,,,,,,,,,,,,,,,,,,,,,,,,,mainWorld_19_meadow_1_progression_reward_gauge,505000,currency.xp,medium_potion,339080,,,,,,,,,,,,,,,,,,,,,,,,,,,,,,,,,,
,,,,,,,,,,,,,,,,,,,,,,,,,,,,,,,,,,,,,,,,,,,,,,,,,,,,,,,,,,,,,,,,,,,,,,,,,,,,,,,,,,,,,,,,,,,,,,,,,,,,,,,,,,,,,,,,,,,,,,,,,,,,,,,,,,,,,,,,,,,,,,,,,mainWorld_19_meadow_1_progression_reward_gauge,505000,currency.xp,small_coins,505000,,,,,,,,,,,,,,,,,,,,,,,,,,,,,,,,,,
,,,,,,,,,,,,,,,,,,,,,,,,,,,,,,,,,,,,,,,,,,,,,,,,,,,,,,,,,,,,,,,,,,,,,,,,,,,,,,,,,,,,,,,,,,,,,,,,,,,,,,,,,,,,,,,,,,,,,,,,,,,,,,,,,,,,,,,,,,,,,,,,,mainWorld_20_snow_1_progression_reward_gauge,530000,currency.xp,shards_5,43533,,,,,,,,,,,,,,,,,,,,,,,,,,,,,,,,,,
,,,,,,,,,,,,,,,,,,,,,,,,,,,,,,,,,,,,,,,,,,,,,,,,,,,,,,,,,,,,,,,,,,,,,,,,,,,,,,,,,,,,,,,,,,,,,,,,,,,,,,,,,,,,,,,,,,,,,,,,,,,,,,,,,,,,,,,,,,,,,,,,,mainWorld_20_snow_1_progression_reward_gauge,530000,currency.xp,egg_common,191905,,,,,,,,,,,,,,,,,,,,,,,,,,,,,,,,,,
,,,,,,,,,,,,,,,,,,,,,,,,,,,,,,,,,,,,,,,,,,,,,,,,,,,,,,,,,,,,,,,,,,,,,,,,,,,,,,,,,,,,,,,,,,,,,,,,,,,,,,,,,,,,,,,,,,,,,,,,,,,,,,,,,,,,,,,,,,,,,,,,,mainWorld_20_snow_1_progression_reward_gauge,530000,currency.xp,medium_potion,355866,,,,,,,,,,,,,,,,,,,,,,,,,,,,,,,,,,
,,,,,,,,,,,,,,,,,,,,,,,,,,,,,,,,,,,,,,,,,,,,,,,,,,,,,,,,,,,,,,,,,,,,,,,,,,,,,,,,,,,,,,,,,,,,,,,,,,,,,,,,,,,,,,,,,,,,,,,,,,,,,,,,,,,,,,,,,,,,,,,,,mainWorld_20_snow_1_progression_reward_gauge,530000,currency.xp,small_coins,530000,,,,,,,,,,,,,,,,,,,,,,,,,,,,,,,,,,
,,,,,,,,,,,,,,,,,,,,,,,,,,,,,,,,,,,,,,,,,,,,,,,,,,,,,,,,,,,,,,,,,,,,,,,,,,,,,,,,,,,,,,,,,,,,,,,,,,,,,,,,,,,,,,,,,,,,,,,,,,,,,,,,,,,,,,,,,,,,,,,,,mainWorld_21_savanna_1_progression_reward_gauge,555000,currency.xp,shards_5,45587,,,,,,,,,,,,,,,,,,,,,,,,,,,,,,,,,,
,,,,,,,,,,,,,,,,,,,,,,,,,,,,,,,,,,,,,,,,,,,,,,,,,,,,,,,,,,,,,,,,,,,,,,,,,,,,,,,,,,,,,,,,,,,,,,,,,,,,,,,,,,,,,,,,,,,,,,,,,,,,,,,,,,,,,,,,,,,,,,,,,mainWorld_21_savanna_1_progression_reward_gauge,555000,currency.xp,egg_common,200957,,,,,,,,,,,,,,,,,,,,,,,,,,,,,,,,,,
,,,,,,,,,,,,,,,,,,,,,,,,,,,,,,,,,,,,,,,,,,,,,,,,,,,,,,,,,,,,,,,,,,,,,,,,,,,,,,,,,,,,,,,,,,,,,,,,,,,,,,,,,,,,,,,,,,,,,,,,,,,,,,,,,,,,,,,,,,,,,,,,,mainWorld_21_savanna_1_progression_reward_gauge,555000,currency.xp,small_coins,372652,,,,,,,,,,,,,,,,,,,,,,,,,,,,,,,,,,
,,,,,,,,,,,,,,,,,,,,,,,,,,,,,,,,,,,,,,,,,,,,,,,,,,,,,,,,,,,,,,,,,,,,,,,,,,,,,,,,,,,,,,,,,,,,,,,,,,,,,,,,,,,,,,,,,,,,,,,,,,,,,,,,,,,,,,,,,,,,,,,,,mainWorld_21_savanna_1_progression_reward_gauge,555000,currency.xp,small_coins,555000,,,,,,,,,,,,,,,,,,,,,,,,,,,,,,,,,,
,,,,,,,,,,,,,,,,,,,,,,,,,,,,,,,,,,,,,,,,,,,,,,,,,,,,,,,,,,,,,,,,,,,,,,,,,,,,,,,,,,,,,,,,,,,,,,,,,,,,,,,,,,,,,,,,,,,,,,,,,,,,,,,,,,,,,,,,,,,,,,,,,mainWorld_22_snow_1_progression_reward_gauge,580000,currency.xp,shards_5,47640,,,,,,,,,,,,,,,,,,,,,,,,,,,,,,,,,,
,,,,,,,,,,,,,,,,,,,,,,,,,,,,,,,,,,,,,,,,,,,,,,,,,,,,,,,,,,,,,,,,,,,,,,,,,,,,,,,,,,,,,,,,,,,,,,,,,,,,,,,,,,,,,,,,,,,,,,,,,,,,,,,,,,,,,,,,,,,,,,,,,mainWorld_22_snow_1_progression_reward_gauge,580000,currency.xp,egg_common,210009,,,,,,,,,,,,,,,,,,,,,,,,,,,,,,,,,,
,,,,,,,,,,,,,,,,,,,,,,,,,,,,,,,,,,,,,,,,,,,,,,,,,,,,,,,,,,,,,,,,,,,,,,,,,,,,,,,,,,,,,,,,,,,,,,,,,,,,,,,,,,,,,,,,,,,,,,,,,,,,,,,,,,,,,,,,,,,,,,,,,mainWorld_22_snow_1_progression_reward_gauge,580000,currency.xp,small_coins,389439,,,,,,,,,,,,,,,,,,,,,,,,,,,,,,,,,,
,,,,,,,,,,,,,,,,,,,,,,,,,,,,,,,,,,,,,,,,,,,,,,,,,,,,,,,,,,,,,,,,,,,,,,,,,,,,,,,,,,,,,,,,,,,,,,,,,,,,,,,,,,,,,,,,,,,,,,,,,,,,,,,,,,,,,,,,,,,,,,,,,mainWorld_22_snow_1_progression_reward_gauge,580000,currency.xp,small_coins,580000,,,,,,,,,,,,,,,,,,,,,,,,,,,,,,,,,,
,,,,,,,,,,,,,,,,,,,,,,,,,,,,,,,,,,,,,,,,,,,,,,,,,,,,,,,,,,,,,,,,,,,,,,,,,,,,,,,,,,,,,,,,,,,,,,,,,,,,,,,,,,,,,,,,,,,,,,,,,,,,,,,,,,,,,,,,,,,,,,,,,mainWorld_23_cave&jungle_1_progression_reward_gauge,605000,currency.xp,shards_5,49694,,,,,,,,,,,,,,,,,,,,,,,,,,,,,,,,,,
,,,,,,,,,,,,,,,,,,,,,,,,,,,,,,,,,,,,,,,,,,,,,,,,,,,,,,,,,,,,,,,,,,,,,,,,,,,,,,,,,,,,,,,,,,,,,,,,,,,,,,,,,,,,,,,,,,,,,,,,,,,,,,,,,,,,,,,,,,,,,,,,,mainWorld_23_cave&jungle_1_progression_reward_gauge,605000,currency.xp,egg_common,219062,,,,,,,,,,,,,,,,,,,,,,,,,,,,,,,,,,
,,,,,,,,,,,,,,,,,,,,,,,,,,,,,,,,,,,,,,,,,,,,,,,,,,,,,,,,,,,,,,,,,,,,,,,,,,,,,,,,,,,,,,,,,,,,,,,,,,,,,,,,,,,,,,,,,,,,,,,,,,,,,,,,,,,,,,,,,,,,,,,,,mainWorld_23_cave&jungle_1_progression_reward_gauge,605000,currency.xp,small_coins,406225,,,,,,,,,,,,,,,,,,,,,,,,,,,,,,,,,,
,,,,,,,,,,,,,,,,,,,,,,,,,,,,,,,,,,,,,,,,,,,,,,,,,,,,,,,,,,,,,,,,,,,,,,,,,,,,,,,,,,,,,,,,,,,,,,,,,,,,,,,,,,,,,,,,,,,,,,,,,,,,,,,,,,,,,,,,,,,,,,,,,mainWorld_23_cave&jungle_1_progression_reward_gauge,605000,currency.xp,medium_coins,605000,,,,,,,,,,,,,,,,,,,,,,,,,,,,,,,,,,
,,,,,,,,,,,,,,,,,,,,,,,,,,,,,,,,,,,,,,,,,,,,,,,,,,,,,,,,,,,,,,,,,,,,,,,,,,,,,,,,,,,,,,,,,,,,,,,,,,,,,,,,,,,,,,,,,,,,,,,,,,,,,,,,,,,,,,,,,,,,,,,,,mainWorld_24_snow_1_progression_reward_gauge,630000,currency.xp,100_coins,51747,,,,,,,,,,,,,,,,,,,,,,,,,,,,,,,,,,
,,,,,,,,,,,,,,,,,,,,,,,,,,,,,,,,,,,,,,,,,,,,,,,,,,,,,,,,,,,,,,,,,,,,,,,,,,,,,,,,,,,,,,,,,,,,,,,,,,,,,,,,,,,,,,,,,,,,,,,,,,,,,,,,,,,,,,,,,,,,,,,,,mainWorld_24_snow_1_progression_reward_gauge,630000,currency.xp,medium_gems,228114,,,,,,,,,,,,,,,,,,,,,,,,,,,,,,,,,,
,,,,,,,,,,,,,,,,,,,,,,,,,,,,,,,,,,,,,,,,,,,,,,,,,,,,,,,,,,,,,,,,,,,,,,,,,,,,,,,,,,,,,,,,,,,,,,,,,,,,,,,,,,,,,,,,,,,,,,,,,,,,,,,,,,,,,,,,,,,,,,,,,mainWorld_24_snow_1_progression_reward_gauge,630000,currency.xp,small_coins,423011,,,,,,,,,,,,,,,,,,,,,,,,,,,,,,,,,,
,,,,,,,,,,,,,,,,,,,,,,,,,,,,,,,,,,,,,,,,,,,,,,,,,,,,,,,,,,,,,,,,,,,,,,,,,,,,,,,,,,,,,,,,,,,,,,,,,,,,,,,,,,,,,,,,,,,,,,,,,,,,,,,,,,,,,,,,,,,,,,,,,mainWorld_24_snow_1_progression_reward_gauge,630000,currency.xp,medium_coins,630000,,,,,,,,,,,,,,,,,,,,,,,,,,,,,,,,,,
,,,,,,,,,,,,,,,,,,,,,,,,,,,,,,,,,,,,,,,,,,,,,,,,,,,,,,,,,,,,,,,,,,,,,,,,,,,,,,,,,,,,,,,,,,,,,,,,,,,,,,,,,,,,,,,,,,,,,,,,,,,,,,,,,,,,,,,,,,,,,,,,,mainWorld_25_sea_1_progression_reward_gauge,655000,currency.xp,shards_5,53801,,,,,,,,,,,,,,,,,,,,,,,,,,,,,,,,,,
,,,,,,,,,,,,,,,,,,,,,,,,,,,,,,,,,,,,,,,,,,,,,,,,,,,,,,,,,,,,,,,,,,,,,,,,,,,,,,,,,,,,,,,,,,,,,,,,,,,,,,,,,,,,,,,,,,,,,,,,,,,,,,,,,,,,,,,,,,,,,,,,,mainWorld_25_sea_1_progression_reward_gauge,655000,currency.xp,medium_potion,237166,,,,,,,,,,,,,,,,,,,,,,,,,,,,,,,,,,
,,,,,,,,,,,,,,,,,,,,,,,,,,,,,,,,,,,,,,,,,,,,,,,,,,,,,,,,,,,,,,,,,,,,,,,,,,,,,,,,,,,,,,,,,,,,,,,,,,,,,,,,,,,,,,,,,,,,,,,,,,,,,,,,,,,,,,,,,,,,,,,,,mainWorld_25_sea_1_progression_reward_gauge,655000,currency.xp,small_coins,439797,,,,,,,,,,,,,,,,,,,,,,,,,,,,,,,,,,
,,,,,,,,,,,,,,,,,,,,,,,,,,,,,,,,,,,,,,,,,,,,,,,,,,,,,,,,,,,,,,,,,,,,,,,,,,,,,,,,,,,,,,,,,,,,,,,,,,,,,,,,,,,,,,,,,,,,,,,,,,,,,,,,,,,,,,,,,,,,,,,,,mainWorld_25_sea_1_progression_reward_gauge,655000,currency.xp,small_coins,655000,,,,,,,,,,,,,,,,,,,,,,,,,,,,,,,,,,
,,,,,,,,,,,,,,,,,,,,,,,,,,,,,,,,,,,,,,,,,,,,,,,,,,,,,,,,,,,,,,,,,,,,,,,,,,,,,,,,,,,,,,,,,,,,,,,,,,,,,,,,,,,,,,,,,,,,,,,,,,,,,,,,,,,,,,,,,,,,,,,,,mainWorld_26_savanna&jungle_1_progression_reward_gauge,680000,currency.xp,shards_5,55854,,,,,,,,,,,,,,,,,,,,,,,,,,,,,,,,,,
,,,,,,,,,,,,,,,,,,,,,,,,,,,,,,,,,,,,,,,,,,,,,,,,,,,,,,,,,,,,,,,,,,,,,,,,,,,,,,,,,,,,,,,,,,,,,,,,,,,,,,,,,,,,,,,,,,,,,,,,,,,,,,,,,,,,,,,,,,,,,,,,,mainWorld_26_savanna&jungle_1_progression_reward_gauge,680000,currency.xp,medium_potion,246218,,,,,,,,,,,,,,,,,,,,,,,,,,,,,,,,,,
,,,,,,,,,,,,,,,,,,,,,,,,,,,,,,,,,,,,,,,,,,,,,,,,,,,,,,,,,,,,,,,,,,,,,,,,,,,,,,,,,,,,,,,,,,,,,,,,,,,,,,,,,,,,,,,,,,,,,,,,,,,,,,,,,,,,,,,,,,,,,,,,,mainWorld_26_savanna&jungle_1_progression_reward_gauge,680000,currency.xp,small_coins,456583,,,,,,,,,,,,,,,,,,,,,,,,,,,,,,,,,,
,,,,,,,,,,,,,,,,,,,,,,,,,,,,,,,,,,,,,,,,,,,,,,,,,,,,,,,,,,,,,,,,,,,,,,,,,,,,,,,,,,,,,,,,,,,,,,,,,,,,,,,,,,,,,,,,,,,,,,,,,,,,,,,,,,,,,,,,,,,,,,,,,mainWorld_26_savanna&jungle_1_progression_reward_gauge,680000,currency.xp,medium_coins,680000,,,,,,,,,,,,,,,,,,,,,,,,,,,,,,,,,,
,,,,,,,,,,,,,,,,,,,,,,,,,,,,,,,,,,,,,,,,,,,,,,,,,,,,,,,,,,,,,,,,,,,,,,,,,,,,,,,,,,,,,,,,,,,,,,,,,,,,,,,,,,,,,,,,,,,,,,,,,,,,,,,,,,,,,,,,,,,,,,,,,mainWorld_27_meadow_1_progression_reward_gauge,705000,currency.xp,100_coins,57908,,,,,,,,,,,,,,,,,,,,,,,,,,,,,,,,,,
,,,,,,,,,,,,,,,,,,,,,,,,,,,,,,,,,,,,,,,,,,,,,,,,,,,,,,,,,,,,,,,,,,,,,,,,,,,,,,,,,,,,,,,,,,,,,,,,,,,,,,,,,,,,,,,,,,,,,,,,,,,,,,,,,,,,,,,,,,,,,,,,,mainWorld_27_meadow_1_progression_reward_gauge,705000,currency.xp,medium_potion,255270,,,,,,,,,,,,,,,,,,,,,,,,,,,,,,,,,,
,,,,,,,,,,,,,,,,,,,,,,,,,,,,,,,,,,,,,,,,,,,,,,,,,,,,,,,,,,,,,,,,,,,,,,,,,,,,,,,,,,,,,,,,,,,,,,,,,,,,,,,,,,,,,,,,,,,,,,,,,,,,,,,,,,,,,,,,,,,,,,,,,mainWorld_27_meadow_1_progression_reward_gauge,705000,currency.xp,small_coins,473369,,,,,,,,,,,,,,,,,,,,,,,,,,,,,,,,,,
,,,,,,,,,,,,,,,,,,,,,,,,,,,,,,,,,,,,,,,,,,,,,,,,,,,,,,,,,,,,,,,,,,,,,,,,,,,,,,,,,,,,,,,,,,,,,,,,,,,,,,,,,,,,,,,,,,,,,,,,,,,,,,,,,,,,,,,,,,,,,,,,,mainWorld_27_meadow_1_progression_reward_gauge,705000,currency.xp,medium_coins,705000,,,,,,,,,,,,,,,,,,,,,,,,,,,,,,,,,,
,,,,,,,,,,,,,,,,,,,,,,,,,,,,,,,,,,,,,,,,,,,,,,,,,,,,,,,,,,,,,,,,,,,,,,,,,,,,,,,,,,,,,,,,,,,,,,,,,,,,,,,,,,,,,,,,,,,,,,,,,,,,,,,,,,,,,,,,,,,,,,,,,mainWorld_28_jungle_1_progression_reward_gauge,730000,currency.xp,100_coins,59961,,,,,,,,,,,,,,,,,,,,,,,,,,,,,,,,,,
,,,,,,,,,,,,,,,,,,,,,,,,,,,,,,,,,,,,,,,,,,,,,,,,,,,,,,,,,,,,,,,,,,,,,,,,,,,,,,,,,,,,,,,,,,,,,,,,,,,,,,,,,,,,,,,,,,,,,,,,,,,,,,,,,,,,,,,,,,,,,,,,,mainWorld_28_jungle_1_progression_reward_gauge,730000,currency.xp,medium_potion,264322,,,,,,,,,,,,,,,,,,,,,,,,,,,,,,,,,,
,,,,,,,,,,,,,,,,,,,,,,,,,,,,,,,,,,,,,,,,,,,,,,,,,,,,,,,,,,,,,,,,,,,,,,,,,,,,,,,,,,,,,,,,,,,,,,,,,,,,,,,,,,,,,,,,,,,,,,,,,,,,,,,,,,,,,,,,,,,,,,,,,mainWorld_28_jungle_1_progression_reward_gauge,730000,currency.xp,small_coins,490155,,,,,,,,,,,,,,,,,,,,,,,,,,,,,,,,,,
,,,,,,,,,,,,,,,,,,,,,,,,,,,,,,,,,,,,,,,,,,,,,,,,,,,,,,,,,,,,,,,,,,,,,,,,,,,,,,,,,,,,,,,,,,,,,,,,,,,,,,,,,,,,,,,,,,,,,,,,,,,,,,,,,,,,,,,,,,,,,,,,,mainWorld_28_jungle_1_progression_reward_gauge,730000,currency.xp,candy_jungle,730000,,,,,,,,,,,,,,,,,,,,,,,,,,,,,,,,,,
,,,,,,,,,,,,,,,,,,,,,,,,,,,,,,,,,,,,,,,,,,,,,,,,,,,,,,,,,,,,,,,,,,,,,,,,,,,,,,,,,,,,,,,,,,,,,,,,,,,,,,,,,,,,,,,,,,,,,,,,,,,,,,,,,,,,,,,,,,,,,,,,,mainWorld_29_snow&forest_1_progression_reward_gauge,755000,currency.xp,medium_gems,62015,,,,,,,,,,,,,,,,,,,,,,,,,,,,,,,,,,
,,,,,,,,,,,,,,,,,,,,,,,,,,,,,,,,,,,,,,,,,,,,,,,,,,,,,,,,,,,,,,,,,,,,,,,,,,,,,,,,,,,,,,,,,,,,,,,,,,,,,,,,,,,,,,,,,,,,,,,,,,,,,,,,,,,,,,,,,,,,,,,,,mainWorld_29_snow&forest_1_progression_reward_gauge,755000,currency.xp,medium_potion,273374,,,,,,,,,,,,,,,,,,,,,,,,,,,,,,,,,,
,,,,,,,,,,,,,,,,,,,,,,,,,,,,,,,,,,,,,,,,,,,,,,,,,,,,,,,,,,,,,,,,,,,,,,,,,,,,,,,,,,,,,,,,,,,,,,,,,,,,,,,,,,,,,,,,,,,,,,,,,,,,,,,,,,,,,,,,,,,,,,,,,mainWorld_29_snow&forest_1_progression_reward_gauge,755000,currency.xp,small_coins,506942,,,,,,,,,,,,,,,,,,,,,,,,,,,,,,,,,,
,,,,,,,,,,,,,,,,,,,,,,,,,,,,,,,,,,,,,,,,,,,,,,,,,,,,,,,,,,,,,,,,,,,,,,,,,,,,,,,,,,,,,,,,,,,,,,,,,,,,,,,,,,,,,,,,,,,,,,,,,,,,,,,,,,,,,,,,,,,,,,,,,mainWorld_29_snow&forest_1_progression_reward_gauge,755000,currency.xp,big_coins,755000,,,,,,,,,,,,,,,,,,,,,,,,,,,,,,,,,,
,,,,,,,,,,,,,,,,,,,,,,,,,,,,,,,,,,,,,,,,,,,,,,,,,,,,,,,,,,,,,,,,,,,,,,,,,,,,,,,,,,,,,,,,,,,,,,,,,,,,,,,,,,,,,,,,,,,,,,,,,,,,,,,,,,,,,,,,,,,,,,,,,mainWorld_30_sea_1_progression_reward_gauge,780000,currency.xp,egg_common,64068,,,,,,,,,,,,,,,,,,,,,,,,,,,,,,,,,,
,,,,,,,,,,,,,,,,,,,,,,,,,,,,,,,,,,,,,,,,,,,,,,,,,,,,,,,,,,,,,,,,,,,,,,,,,,,,,,,,,,,,,,,,,,,,,,,,,,,,,,,,,,,,,,,,,,,,,,,,,,,,,,,,,,,,,,,,,,,,,,,,,mainWorld_30_sea_1_progression_reward_gauge,780000,currency.xp,medium_potion,282427,,,,,,,,,,,,,,,,,,,,,,,,,,,,,,,,,,
,,,,,,,,,,,,,,,,,,,,,,,,,,,,,,,,,,,,,,,,,,,,,,,,,,,,,,,,,,,,,,,,,,,,,,,,,,,,,,,,,,,,,,,,,,,,,,,,,,,,,,,,,,,,,,,,,,,,,,,,,,,,,,,,,,,,,,,,,,,,,,,,,mainWorld_30_sea_1_progression_reward_gauge,780000,currency.xp,small_coins,523728,,,,,,,,,,,,,,,,,,,,,,,,,,,,,,,,,,
,,,,,,,,,,,,,,,,,,,,,,,,,,,,,,,,,,,,,,,,,,,,,,,,,,,,,,,,,,,,,,,,,,,,,,,,,,,,,,,,,,,,,,,,,,,,,,,,,,,,,,,,,,,,,,,,,,,,,,,,,,,,,,,,,,,,,,,,,,,,,,,,,mainWorld_30_sea_1_progression_reward_gauge,780000,currency.xp,big_coins,780000,,,,,,,,,,,,,,,,,,,,,,,,,,,,,,,,,,
,,,,,,,,,,,,,,,,,,,,,,,,,,,,,,,,,,,,,,,,,,,,,,,,,,,,,,,,,,,,,,,,,,,,,,,,,,,,,,,,,,,,,,,,,,,,,,,,,,,,,,,,,,,,,,,,,,,,,,,,,,,,,,,,,,,,,,,,,,,,,,,,,mainWorld_31_sea&forest_1_progression_reward_gauge,805000,currency.xp,medium_gems,66122,,,,,,,,,,,,,,,,,,,,,,,,,,,,,,,,,,
,,,,,,,,,,,,,,,,,,,,,,,,,,,,,,,,,,,,,,,,,,,,,,,,,,,,,,,,,,,,,,,,,,,,,,,,,,,,,,,,,,,,,,,,,,,,,,,,,,,,,,,,,,,,,,,,,,,,,,,,,,,,,,,,,,,,,,,,,,,,,,,,,mainWorld_31_sea&forest_1_progression_reward_gauge,805000,currency.xp,small_coins,291479,,,,,,,,,,,,,,,,,,,,,,,,,,,,,,,,,,
,,,,,,,,,,,,,,,,,,,,,,,,,,,,,,,,,,,,,,,,,,,,,,,,,,,,,,,,,,,,,,,,,,,,,,,,,,,,,,,,,,,,,,,,,,,,,,,,,,,,,,,,,,,,,,,,,,,,,,,,,,,,,,,,,,,,,,,,,,,,,,,,,mainWorld_31_sea&forest_1_progression_reward_gauge,805000,currency.xp,medium_coins,540514,,,,,,,,,,,,,,,,,,,,,,,,,,,,,,,,,,
,,,,,,,,,,,,,,,,,,,,,,,,,,,,,,,,,,,,,,,,,,,,,,,,,,,,,,,,,,,,,,,,,,,,,,,,,,,,,,,,,,,,,,,,,,,,,,,,,,,,,,,,,,,,,,,,,,,,,,,,,,,,,,,,,,,,,,,,,,,,,,,,,mainWorld_31_sea&forest_1_progression_reward_gauge,805000,currency.xp,big_coins,805000,,,,,,,,,,,,,,,,,,,,,,,,,,,,,,,,,,
,,,,,,,,,,,,,,,,,,,,,,,,,,,,,,,,,,,,,,,,,,,,,,,,,,,,,,,,,,,,,,,,,,,,,,,,,,,,,,,,,,,,,,,,,,,,,,,,,,,,,,,,,,,,,,,,,,,,,,,,,,,,,,,,,,,,,,,,,,,,,,,,,mainWorld_32_forest&meadow_1_progression_reward_gauge,830000,currency.xp,medium_gems,68175,,,,,,,,,,,,,,,,,,,,,,,,,,,,,,,,,,
,,,,,,,,,,,,,,,,,,,,,,,,,,,,,,,,,,,,,,,,,,,,,,,,,,,,,,,,,,,,,,,,,,,,,,,,,,,,,,,,,,,,,,,,,,,,,,,,,,,,,,,,,,,,,,,,,,,,,,,,,,,,,,,,,,,,,,,,,,,,,,,,,mainWorld_32_forest&meadow_1_progression_reward_gauge,830000,currency.xp,small_coins,300531,,,,,,,,,,,,,,,,,,,,,,,,,,,,,,,,,,
,,,,,,,,,,,,,,,,,,,,,,,,,,,,,,,,,,,,,,,,,,,,,,,,,,,,,,,,,,,,,,,,,,,,,,,,,,,,,,,,,,,,,,,,,,,,,,,,,,,,,,,,,,,,,,,,,,,,,,,,,,,,,,,,,,,,,,,,,,,,,,,,,mainWorld_32_forest&meadow_1_progression_reward_gauge,830000,currency.xp,candy_meadow,557300,,,,,,,,,,,,,,,,,,,,,,,,,,,,,,,,,,
,,,,,,,,,,,,,,,,,,,,,,,,,,,,,,,,,,,,,,,,,,,,,,,,,,,,,,,,,,,,,,,,,,,,,,,,,,,,,,,,,,,,,,,,,,,,,,,,,,,,,,,,,,,,,,,,,,,,,,,,,,,,,,,,,,,,,,,,,,,,,,,,,mainWorld_32_forest&meadow_1_progression_reward_gauge,830000,currency.xp,big_coins,830000,,,,,,,,,,,,,,,,,,,,,,,,,,,,,,,,,,
,,,,,,,,,,,,,,,,,,,,,,,,,,,,,,,,,,,,,,,,,,,,,,,,,,,,,,,,,,,,,,,,,,,,,,,,,,,,,,,,,,,,,,,,,,,,,,,,,,,,,,,,,,,,,,,,,,,,,,,,,,,,,,,,,,,,,,,,,,,,,,,,,mainWorld_33_savanna_1_progression_reward_gauge,855000,currency.xp,egg_common,70228,,,,,,,,,,,,,,,,,,,,,,,,,,,,,,,,,,
,,,,,,,,,,,,,,,,,,,,,,,,,,,,,,,,,,,,,,,,,,,,,,,,,,,,,,,,,,,,,,,,,,,,,,,,,,,,,,,,,,,,,,,,,,,,,,,,,,,,,,,,,,,,,,,,,,,,,,,,,,,,,,,,,,,,,,,,,,,,,,,,,mainWorld_33_savanna_1_progression_reward_gauge,855000,currency.xp,small_coins,309583,,,,,,,,,,,,,,,,,,,,,,,,,,,,,,,,,,
,,,,,,,,,,,,,,,,,,,,,,,,,,,,,,,,,,,,,,,,,,,,,,,,,,,,,,,,,,,,,,,,,,,,,,,,,,,,,,,,,,,,,,,,,,,,,,,,,,,,,,,,,,,,,,,,,,,,,,,,,,,,,,,,,,,,,,,,,,,,,,,,,mainWorld_33_savanna_1_progression_reward_gauge,855000,currency.xp,candy_savanna,574086,,,,,,,,,,,,,,,,,,,,,,,,,,,,,,,,,,
,,,,,,,,,,,,,,,,,,,,,,,,,,,,,,,,,,,,,,,,,,,,,,,,,,,,,,,,,,,,,,,,,,,,,,,,,,,,,,,,,,,,,,,,,,,,,,,,,,,,,,,,,,,,,,,,,,,,,,,,,,,,,,,,,,,,,,,,,,,,,,,,,mainWorld_33_savanna_1_progression_reward_gauge,855000,currency.xp,big_coins,855000,,,,,,,,,,,,,,,,,,,,,,,,,,,,,,,,,,
,,,,,,,,,,,,,,,,,,,,,,,,,,,,,,,,,,,,,,,,,,,,,,,,,,,,,,,,,,,,,,,,,,,,,,,,,,,,,,,,,,,,,,,,,,,,,,,,,,,,,,,,,,,,,,,,,,,,,,,,,,,,,,,,,,,,,,,,,,,,,,,,,mainWorld_34_sea&savanna_1_progression_reward_gauge,880000,currency.xp,egg_common,72282,,,,,,,,,,,,,,,,,,,,,,,,,,,,,,,,,,
,,,,,,,,,,,,,,,,,,,,,,,,,,,,,,,,,,,,,,,,,,,,,,,,,,,,,,,,,,,,,,,,,,,,,,,,,,,,,,,,,,,,,,,,,,,,,,,,,,,,,,,,,,,,,,,,,,,,,,,,,,,,,,,,,,,,,,,,,,,,,,,,,mainWorld_34_sea&savanna_1_progression_reward_gauge,880000,currency.xp,small_coins,318635,,,,,,,,,,,,,,,,,,,,,,,,,,,,,,,,,,
,,,,,,,,,,,,,,,,,,,,,,,,,,,,,,,,,,,,,,,,,,,,,,,,,,,,,,,,,,,,,,,,,,,,,,,,,,,,,,,,,,,,,,,,,,,,,,,,,,,,,,,,,,,,,,,,,,,,,,,,,,,,,,,,,,,,,,,,,,,,,,,,,mainWorld_34_sea&savanna_1_progression_reward_gauge,880000,currency.xp,big_coins,590872,,,,,,,,,,,,,,,,,,,,,,,,,,,,,,,,,,
,,,,,,,,,,,,,,,,,,,,,,,,,,,,,,,,,,,,,,,,,,,,,,,,,,,,,,,,,,,,,,,,,,,,,,,,,,,,,,,,,,,,,,,,,,,,,,,,,,,,,,,,,,,,,,,,,,,,,,,,,,,,,,,,,,,,,,,,,,,,,,,,,mainWorld_34_sea&savanna_1_progression_reward_gauge,880000,currency.xp,big_coins,880000,,,,,,,,,,,,,,,,,,,,,,,,,,,,,,,,,,
,,,,,,,,,,,,,,,,,,,,,,,,,,,,,,,,,,,,,,,,,,,,,,,,,,,,,,,,,,,,,,,,,,,,,,,,,,,,,,,,,,,,,,,,,,,,,,,,,,,,,,,,,,,,,,,,,,,,,,,,,,,,,,,,,,,,,,,,,,,,,,,,,mainWorld_35_sea_1_progression_reward_gauge,905000,currency.xp,egg_common,74335,,,,,,,,,,,,,,,,,,,,,,,,,,,,,,,,,,
,,,,,,,,,,,,,,,,,,,,,,,,,,,,,,,,,,,,,,,,,,,,,,,,,,,,,,,,,,,,,,,,,,,,,,,,,,,,,,,,,,,,,,,,,,,,,,,,,,,,,,,,,,,,,,,,,,,,,,,,,,,,,,,,,,,,,,,,,,,,,,,,,mainWorld_35_sea_1_progression_reward_gauge,905000,currency.xp,small_coins,327687,,,,,,,,,,,,,,,,,,,,,,,,,,,,,,,,,,
,,,,,,,,,,,,,,,,,,,,,,,,,,,,,,,,,,,,,,,,,,,,,,,,,,,,,,,,,,,,,,,,,,,,,,,,,,,,,,,,,,,,,,,,,,,,,,,,,,,,,,,,,,,,,,,,,,,,,,,,,,,,,,,,,,,,,,,,,,,,,,,,,mainWorld_35_sea_1_progression_reward_gauge,905000,currency.xp,big_coins,607658,,,,,,,,,,,,,,,,,,,,,,,,,,,,,,,,,,
,,,,,,,,,,,,,,,,,,,,,,,,,,,,,,,,,,,,,,,,,,,,,,,,,,,,,,,,,,,,,,,,,,,,,,,,,,,,,,,,,,,,,,,,,,,,,,,,,,,,,,,,,,,,,,,,,,,,,,,,,,,,,,,,,,,,,,,,,,,,,,,,,mainWorld_35_sea_1_progression_reward_gauge,905000,currency.xp,big_coins,905000,,,,,,,,,,,,,,,,,,,,,,,,,,,,,,,,,,
,,,,,,,,,,,,,,,,,,,,,,,,,,,,,,,,,,,,,,,,,,,,,,,,,,,,,,,,,,,,,,,,,,,,,,,,,,,,,,,,,,,,,,,,,,,,,,,,,,,,,,,,,,,,,,,,,,,,,,,,,,,,,,,,,,,,,,,,,,,,,,,,,mainWorld_36_savanna&meadow_1_progression_reward_gauge,930000,currency.xp,medium_potion,76389,,,,,,,,,,,,,,,,,,,,,,,,,,,,,,,,,,
,,,,,,,,,,,,,,,,,,,,,,,,,,,,,,,,,,,,,,,,,,,,,,,,,,,,,,,,,,,,,,,,,,,,,,,,,,,,,,,,,,,,,,,,,,,,,,,,,,,,,,,,,,,,,,,,,,,,,,,,,,,,,,,,,,,,,,,,,,,,,,,,,mainWorld_36_savanna&meadow_1_progression_reward_gauge,930000,currency.xp,small_coins,336739,,,,,,,,,,,,,,,,,,,,,,,,,,,,,,,,,,
,,,,,,,,,,,,,,,,,,,,,,,,,,,,,,,,,,,,,,,,,,,,,,,,,,,,,,,,,,,,,,,,,,,,,,,,,,,,,,,,,,,,,,,,,,,,,,,,,,,,,,,,,,,,,,,,,,,,,,,,,,,,,,,,,,,,,,,,,,,,,,,,,mainWorld_36_savanna&meadow_1_progression_reward_gauge,930000,currency.xp,big_coins,624445,,,,,,,,,,,,,,,,,,,,,,,,,,,,,,,,,,
,,,,,,,,,,,,,,,,,,,,,,,,,,,,,,,,,,,,,,,,,,,,,,,,,,,,,,,,,,,,,,,,,,,,,,,,,,,,,,,,,,,,,,,,,,,,,,,,,,,,,,,,,,,,,,,,,,,,,,,,,,,,,,,,,,,,,,,,,,,,,,,,,mainWorld_36_savanna&meadow_1_progression_reward_gauge,930000,currency.xp,egg_epic,930000,,,,,,,,,,,,,,,,,,,,,,,,,,,,,,,,,,
,,,,,,,,,,,,,,,,,,,,,,,,,,,,,,,,,,,,,,,,,,,,,,,,,,,,,,,,,,,,,,,,,,,,,,,,,,,,,,,,,,,,,,,,,,,,,,,,,,,,,,,,,,,,,,,,,,,,,,,,,,,,,,,,,,,,,,,,,,,,,,,,,mainWorld_37_jungle_1_progression_reward_gauge,955000,currency.xp,egg_common,78442,,,,,,,,,,,,,,,,,,,,,,,,,,,,,,,,,,
,,,,,,,,,,,,,,,,,,,,,,,,,,,,,,,,,,,,,,,,,,,,,,,,,,,,,,,,,,,,,,,,,,,,,,,,,,,,,,,,,,,,,,,,,,,,,,,,,,,,,,,,,,,,,,,,,,,,,,,,,,,,,,,,,,,,,,,,,,,,,,,,,mainWorld_37_jungle_1_progression_reward_gauge,955000,currency.xp,candy_jungle,345791,,,,,,,,,,,,,,,,,,,,,,,,,,,,,,,,,,
,,,,,,,,,,,,,,,,,,,,,,,,,,,,,,,,,,,,,,,,,,,,,,,,,,,,,,,,,,,,,,,,,,,,,,,,,,,,,,,,,,,,,,,,,,,,,,,,,,,,,,,,,,,,,,,,,,,,,,,,,,,,,,,,,,,,,,,,,,,,,,,,,mainWorld_37_jungle_1_progression_reward_gauge,955000,currency.xp,big_coins,641231,,,,,,,,,,,,,,,,,,,,,,,,,,,,,,,,,,
,,,,,,,,,,,,,,,,,,,,,,,,,,,,,,,,,,,,,,,,,,,,,,,,,,,,,,,,,,,,,,,,,,,,,,,,,,,,,,,,,,,,,,,,,,,,,,,,,,,,,,,,,,,,,,,,,,,,,,,,,,,,,,,,,,,,,,,,,,,,,,,,,mainWorld_37_jungle_1_progression_reward_gauge,955000,currency.xp,big_coins,955000,,,,,,,,,,,,,,,,,,,,,,,,,,,,,,,,,,
,,,,,,,,,,,,,,,,,,,,,,,,,,,,,,,,,,,,,,,,,,,,,,,,,,,,,,,,,,,,,,,,,,,,,,,,,,,,,,,,,,,,,,,,,,,,,,,,,,,,,,,,,,,,,,,,,,,,,,,,,,,,,,,,,,,,,,,,,,,,,,,,,mainWorld_38_savanna&jungle_1_progression_reward_gauge,980000,currency.xp,medium_potion,80496,,,,,,,,,,,,,,,,,,,,,,,,,,,,,,,,,,
,,,,,,,,,,,,,,,,,,,,,,,,,,,,,,,,,,,,,,,,,,,,,,,,,,,,,,,,,,,,,,,,,,,,,,,,,,,,,,,,,,,,,,,,,,,,,,,,,,,,,,,,,,,,,,,,,,,,,,,,,,,,,,,,,,,,,,,,,,,,,,,,,mainWorld_38_savanna&jungle_1_progression_reward_gauge,980000,currency.xp,big_coins,354844,,,,,,,,,,,,,,,,,,,,,,,,,,,,,,,,,,
,,,,,,,,,,,,,,,,,,,,,,,,,,,,,,,,,,,,,,,,,,,,,,,,,,,,,,,,,,,,,,,,,,,,,,,,,,,,,,,,,,,,,,,,,,,,,,,,,,,,,,,,,,,,,,,,,,,,,,,,,,,,,,,,,,,,,,,,,,,,,,,,,mainWorld_38_savanna&jungle_1_progression_reward_gauge,980000,currency.xp,big_coins,658017,,,,,,,,,,,,,,,,,,,,,,,,,,,,,,,,,,
,,,,,,,,,,,,,,,,,,,,,,,,,,,,,,,,,,,,,,,,,,,,,,,,,,,,,,,,,,,,,,,,,,,,,,,,,,,,,,,,,,,,,,,,,,,,,,,,,,,,,,,,,,,,,,,,,,,,,,,,,,,,,,,,,,,,,,,,,,,,,,,,,mainWorld_38_savanna&jungle_1_progression_reward_gauge,980000,currency.xp,big_coins,980000,,,,,,,,,,,,,,,,,,,,,,,,,,,,,,,,,,
,,,,,,,,,,,,,,,,,,,,,,,,,,,,,,,,,,,,,,,,,,,,,,,,,,,,,,,,,,,,,,,,,,,,,,,,,,,,,,,,,,,,,,,,,,,,,,,,,,,,,,,,,,,,,,,,,,,,,,,,,,,,,,,,,,,,,,,,,,,,,,,,,mainWorld_39_meadow&sea_1_progression_reward_gauge,1005000,currency.xp,medium_potion,82549,,,,,,,,,,,,,,,,,,,,,,,,,,,,,,,,,,
,,,,,,,,,,,,,,,,,,,,,,,,,,,,,,,,,,,,,,,,,,,,,,,,,,,,,,,,,,,,,,,,,,,,,,,,,,,,,,,,,,,,,,,,,,,,,,,,,,,,,,,,,,,,,,,,,,,,,,,,,,,,,,,,,,,,,,,,,,,,,,,,,mainWorld_39_meadow&sea_1_progression_reward_gauge,1005000,currency.xp,big_coins,363896,,,,,,,,,,,,,,,,,,,,,,,,,,,,,,,,,,
,,,,,,,,,,,,,,,,,,,,,,,,,,,,,,,,,,,,,,,,,,,,,,,,,,,,,,,,,,,,,,,,,,,,,,,,,,,,,,,,,,,,,,,,,,,,,,,,,,,,,,,,,,,,,,,,,,,,,,,,,,,,,,,,,,,,,,,,,,,,,,,,,mainWorld_39_meadow&sea_1_progression_reward_gauge,1005000,currency.xp,big_coins,674803,,,,,,,,,,,,,,,,,,,,,,,,,,,,,,,,,,
,,,,,,,,,,,,,,,,,,,,,,,,,,,,,,,,,,,,,,,,,,,,,,,,,,,,,,,,,,,,,,,,,,,,,,,,,,,,,,,,,,,,,,,,,,,,,,,,,,,,,,,,,,,,,,,,,,,,,,,,,,,,,,,,,,,,,,,,,,,,,,,,,mainWorld_39_meadow&sea_1_progression_reward_gauge,1005000,currency.xp,egg_epic,1005000,,,,,,,,,,,,,,,,,,,,,,,,,,,,,,,,,,
,,,,,,,,,,,,,,,,,,,,,,,,,,,,,,,,,,,,,,,,,,,,,,,,,,,,,,,,,,,,,,,,,,,,,,,,,,,,,,,,,,,,,,,,,,,,,,,,,,,,,,,,,,,,,,,,,,,,,,,,,,,,,,,,,,,,,,,,,,,,,,,,,mainWorld_40_cave_1_progression_reward_gauge,1030000,currency.xp,small_coins,84603,,,,,,,,,,,,,,,,,,,,,,,,,,,,,,,,,,
,,,,,,,,,,,,,,,,,,,,,,,,,,,,,,,,,,,,,,,,,,,,,,,,,,,,,,,,,,,,,,,,,,,,,,,,,,,,,,,,,,,,,,,,,,,,,,,,,,,,,,,,,,,,,,,,,,,,,,,,,,,,,,,,,,,,,,,,,,,,,,,,,mainWorld_40_cave_1_progression_reward_gauge,1030000,currency.xp,big_coins,372948,,,,,,,,,,,,,,,,,,,,,,,,,,,,,,,,,,
,,,,,,,,,,,,,,,,,,,,,,,,,,,,,,,,,,,,,,,,,,,,,,,,,,,,,,,,,,,,,,,,,,,,,,,,,,,,,,,,,,,,,,,,,,,,,,,,,,,,,,,,,,,,,,,,,,,,,,,,,,,,,,,,,,,,,,,,,,,,,,,,,mainWorld_40_cave_1_progression_reward_gauge,1030000,currency.xp,big_coins,691589,,,,,,,,,,,,,,,,,,,,,,,,,,,,,,,,,,
,,,,,,,,,,,,,,,,,,,,,,,,,,,,,,,,,,,,,,,,,,,,,,,,,,,,,,,,,,,,,,,,,,,,,,,,,,,,,,,,,,,,,,,,,,,,,,,,,,,,,,,,,,,,,,,,,,,,,,,,,,,,,,,,,,,,,,,,,,,,,,,,,mainWorld_40_cave_1_progression_reward_gauge,1030000,currency.xp,egg_epic,1030000,,,,,,,,,,,,,,,,,,,,,,,,,,,,,,,,,,
,,,,,,,,,,,,,,,,,,,,,,,,,,,,,,,,,,,,,,,,,,,,,,,,,,,,,,,,,,,,,,,,,,,,,,,,,,,,,,,,,,,,,,,,,,,,,,,,,,,,,,,,,,,,,,,,,,,,,,,,,,,,,,,,,,,,,,,,,,,,,,,,,mainWorld_41_cave&jungle_1_progression_reward_gauge,1055000,currency.xp,small_coins,86656,,,,,,,,,,,,,,,,,,,,,,,,,,,,,,,,,,
,,,,,,,,,,,,,,,,,,,,,,,,,,,,,,,,,,,,,,,,,,,,,,,,,,,,,,,,,,,,,,,,,,,,,,,,,,,,,,,,,,,,,,,,,,,,,,,,,,,,,,,,,,,,,,,,,,,,,,,,,,,,,,,,,,,,,,,,,,,,,,,,,mainWorld_41_cave&jungle_1_progression_reward_gauge,1055000,currency.xp,big_coins,382000,,,,,,,,,,,,,,,,,,,,,,,,,,,,,,,,,,
,,,,,,,,,,,,,,,,,,,,,,,,,,,,,,,,,,,,,,,,,,,,,,,,,,,,,,,,,,,,,,,,,,,,,,,,,,,,,,,,,,,,,,,,,,,,,,,,,,,,,,,,,,,,,,,,,,,,,,,,,,,,,,,,,,,,,,,,,,,,,,,,,mainWorld_41_cave&jungle_1_progression_reward_gauge,1055000,currency.xp,big_coins,708375,,,,,,,,,,,,,,,,,,,,,,,,,,,,,,,,,,
,,,,,,,,,,,,,,,,,,,,,,,,,,,,,,,,,,,,,,,,,,,,,,,,,,,,,,,,,,,,,,,,,,,,,,,,,,,,,,,,,,,,,,,,,,,,,,,,,,,,,,,,,,,,,,,,,,,,,,,,,,,,,,,,,,,,,,,,,,,,,,,,,mainWorld_41_cave&jungle_1_progression_reward_gauge,1055000,currency.xp,egg_epic,1055000,,,,,,,,,,,,,,,,,,,,,,,,,,,,,,,,,,
,,,,,,,,,,,,,,,,,,,,,,,,,,,,,,,,,,,,,,,,,,,,,,,,,,,,,,,,,,,,,,,,,,,,,,,,,,,,,,,,,,,,,,,,,,,,,,,,,,,,,,,,,,,,,,,,,,,,,,,,,,,,,,,,,,,,,,,,,,,,,,,,,mainWorld_42_savanna_1_progression_reward_gauge,1080000,currency.xp,small_coins,88710,,,,,,,,,,,,,,,,,,,,,,,,,,,,,,,,,,
,,,,,,,,,,,,,,,,,,,,,,,,,,,,,,,,,,,,,,,,,,,,,,,,,,,,,,,,,,,,,,,,,,,,,,,,,,,,,,,,,,,,,,,,,,,,,,,,,,,,,,,,,,,,,,,,,,,,,,,,,,,,,,,,,,,,,,,,,,,,,,,,,mainWorld_42_savanna_1_progression_reward_gauge,1080000,currency.xp,candy_savanna,391052,,,,,,,,,,,,,,,,,,,,,,,,,,,,,,,,,,
,,,,,,,,,,,,,,,,,,,,,,,,,,,,,,,,,,,,,,,,,,,,,,,,,,,,,,,,,,,,,,,,,,,,,,,,,,,,,,,,,,,,,,,,,,,,,,,,,,,,,,,,,,,,,,,,,,,,,,,,,,,,,,,,,,,,,,,,,,,,,,,,,mainWorld_42_savanna_1_progression_reward_gauge,1080000,currency.xp,big_coins,725161,,,,,,,,,,,,,,,,,,,,,,,,,,,,,,,,,,
,,,,,,,,,,,,,,,,,,,,,,,,,,,,,,,,,,,,,,,,,,,,,,,,,,,,,,,,,,,,,,,,,,,,,,,,,,,,,,,,,,,,,,,,,,,,,,,,,,,,,,,,,,,,,,,,,,,,,,,,,,,,,,,,,,,,,,,,,,,,,,,,,mainWorld_42_savanna_1_progression_reward_gauge,1080000,currency.xp,random_candy_big,1080000,,,,,,,,,,,,,,,,,,,,,,,,,,,,,,,,,,
,,,,,,,,,,,,,,,,,,,,,,,,,,,,,,,,,,,,,,,,,,,,,,,,,,,,,,,,,,,,,,,,,,,,,,,,,,,,,,,,,,,,,,,,,,,,,,,,,,,,,,,,,,,,,,,,,,,,,,,,,,,,,,,,,,,,,,,,,,,,,,,,,mainWorld_43_cave_1_progression_reward_gauge,1105000,currency.xp,small_coins,90763,,,,,,,,,,,,,,,,,,,,,,,,,,,,,,,,,,
,,,,,,,,,,,,,,,,,,,,,,,,,,,,,,,,,,,,,,,,,,,,,,,,,,,,,,,,,,,,,,,,,,,,,,,,,,,,,,,,,,,,,,,,,,,,,,,,,,,,,,,,,,,,,,,,,,,,,,,,,,,,,,,,,,,,,,,,,,,,,,,,,mainWorld_43_cave_1_progression_reward_gauge,1105000,currency.xp,big_coins,400104,,,,,,,,,,,,,,,,,,,,,,,,,,,,,,,,,,
,,,,,,,,,,,,,,,,,,,,,,,,,,,,,,,,,,,,,,,,,,,,,,,,,,,,,,,,,,,,,,,,,,,,,,,,,,,,,,,,,,,,,,,,,,,,,,,,,,,,,,,,,,,,,,,,,,,,,,,,,,,,,,,,,,,,,,,,,,,,,,,,,mainWorld_43_cave_1_progression_reward_gauge,1105000,currency.xp,egg_epic,741948,,,,,,,,,,,,,,,,,,,,,,,,,,,,,,,,,,
,,,,,,,,,,,,,,,,,,,,,,,,,,,,,,,,,,,,,,,,,,,,,,,,,,,,,,,,,,,,,,,,,,,,,,,,,,,,,,,,,,,,,,,,,,,,,,,,,,,,,,,,,,,,,,,,,,,,,,,,,,,,,,,,,,,,,,,,,,,,,,,,,mainWorld_43_cave_1_progression_reward_gauge,1105000,currency.xp,egg_epic,1105000,,,,,,,,,,,,,,,,,,,,,,,,,,,,,,,,,,
,,,,,,,,,,,,,,,,,,,,,,,,,,,,,,,,,,,,,,,,,,,,,,,,,,,,,,,,,,,,,,,,,,,,,,,,,,,,,,,,,,,,,,,,,,,,,,,,,,,,,,,,,,,,,,,,,,,,,,,,,,,,,,,,,,,,,,,,,,,,,,,,,mainWorld_44_sea&forest_1_progression_reward_gauge,1130000,currency.xp,small_coins,92817,,,,,,,,,,,,,,,,,,,,,,,,,,,,,,,,,,
,,,,,,,,,,,,,,,,,,,,,,,,,,,,,,,,,,,,,,,,,,,,,,,,,,,,,,,,,,,,,,,,,,,,,,,,,,,,,,,,,,,,,,,,,,,,,,,,,,,,,,,,,,,,,,,,,,,,,,,,,,,,,,,,,,,,,,,,,,,,,,,,,mainWorld_44_sea&forest_1_progression_reward_gauge,1130000,currency.xp,big_coins,409156,,,,,,,,,,,,,,,,,,,,,,,,,,,,,,,,,,
,,,,,,,,,,,,,,,,,,,,,,,,,,,,,,,,,,,,,,,,,,,,,,,,,,,,,,,,,,,,,,,,,,,,,,,,,,,,,,,,,,,,,,,,,,,,,,,,,,,,,,,,,,,,,,,,,,,,,,,,,,,,,,,,,,,,,,,,,,,,,,,,,mainWorld_44_sea&forest_1_progression_reward_gauge,1130000,currency.xp,egg_epic,758734,,,,,,,,,,,,,,,,,,,,,,,,,,,,,,,,,,
,,,,,,,,,,,,,,,,,,,,,,,,,,,,,,,,,,,,,,,,,,,,,,,,,,,,,,,,,,,,,,,,,,,,,,,,,,,,,,,,,,,,,,,,,,,,,,,,,,,,,,,,,,,,,,,,,,,,,,,,,,,,,,,,,,,,,,,,,,,,,,,,,mainWorld_44_sea&forest_1_progression_reward_gauge,1130000,currency.xp,random_candy_big,1130000,,,,,,,,,,,,,,,,,,,,,,,,,,,,,,,,,,
,,,,,,,,,,,,,,,,,,,,,,,,,,,,,,,,,,,,,,,,,,,,,,,,,,,,,,,,,,,,,,,,,,,,,,,,,,,,,,,,,,,,,,,,,,,,,,,,,,,,,,,,,,,,,,,,,,,,,,,,,,,,,,,,,,,,,,,,,,,,,,,,,mainWorld_45_meadow_1_progression_reward_gauge,1155000,currency.xp,medium_coins,94870,,,,,,,,,,,,,,,,,,,,,,,,,,,,,,,,,,
,,,,,,,,,,,,,,,,,,,,,,,,,,,,,,,,,,,,,,,,,,,,,,,,,,,,,,,,,,,,,,,,,,,,,,,,,,,,,,,,,,,,,,,,,,,,,,,,,,,,,,,,,,,,,,,,,,,,,,,,,,,,,,,,,,,,,,,,,,,,,,,,,mainWorld_45_meadow_1_progression_reward_gauge,1155000,currency.xp,big_coins,418208,,,,,,,,,,,,,,,,,,,,,,,,,,,,,,,,,,
,,,,,,,,,,,,,,,,,,,,,,,,,,,,,,,,,,,,,,,,,,,,,,,,,,,,,,,,,,,,,,,,,,,,,,,,,,,,,,,,,,,,,,,,,,,,,,,,,,,,,,,,,,,,,,,,,,,,,,,,,,,,,,,,,,,,,,,,,,,,,,,,,mainWorld_45_meadow_1_progression_reward_gauge,1155000,currency.xp,egg_epic,775520,,,,,,,,,,,,,,,,,,,,,,,,,,,,,,,,,,
,,,,,,,,,,,,,,,,,,,,,,,,,,,,,,,,,,,,,,,,,,,,,,,,,,,,,,,,,,,,,,,,,,,,,,,,,,,,,,,,,,,,,,,,,,,,,,,,,,,,,,,,,,,,,,,,,,,,,,,,,,,,,,,,,,,,,,,,,,,,,,,,,mainWorld_45_meadow_1_progression_reward_gauge,1155000,currency.xp,random_candy_big,1155000,,,,,,,,,,,,,,,,,,,,,,,,,,,,,,,,,,
,,,,,,,,,,,,,,,,,,,,,,,,,,,,,,,,,,,,,,,,,,,,,,,,,,,,,,,,,,,,,,,,,,,,,,,,,,,,,,,,,,,,,,,,,,,,,,,,,,,,,,,,,,,,,,,,,,,,,,,,,,,,,,,,,,,,,,,,,,,,,,,,,mainWorld_46_snow_1_progression_reward_gauge,1180000,currency.xp,medium_coins,96924,,,,,,,,,,,,,,,,,,,,,,,,,,,,,,,,,,
,,,,,,,,,,,,,,,,,,,,,,,,,,,,,,,,,,,,,,,,,,,,,,,,,,,,,,,,,,,,,,,,,,,,,,,,,,,,,,,,,,,,,,,,,,,,,,,,,,,,,,,,,,,,,,,,,,,,,,,,,,,,,,,,,,,,,,,,,,,,,,,,,mainWorld_46_snow_1_progression_reward_gauge,1180000,currency.xp,big_coins,427261,,,,,,,,,,,,,,,,,,,,,,,,,,,,,,,,,,
,,,,,,,,,,,,,,,,,,,,,,,,,,,,,,,,,,,,,,,,,,,,,,,,,,,,,,,,,,,,,,,,,,,,,,,,,,,,,,,,,,,,,,,,,,,,,,,,,,,,,,,,,,,,,,,,,,,,,,,,,,,,,,,,,,,,,,,,,,,,,,,,,mainWorld_46_snow_1_progression_reward_gauge,1180000,currency.xp,random_candy_big,792306,,,,,,,,,,,,,,,,,,,,,,,,,,,,,,,,,,
,,,,,,,,,,,,,,,,,,,,,,,,,,,,,,,,,,,,,,,,,,,,,,,,,,,,,,,,,,,,,,,,,,,,,,,,,,,,,,,,,,,,,,,,,,,,,,,,,,,,,,,,,,,,,,,,,,,,,,,,,,,,,,,,,,,,,,,,,,,,,,,,,mainWorld_46_snow_1_progression_reward_gauge,1180000,currency.xp,random_candy_big,1180000,,,,,,,,,,,,,,,,,,,,,,,,,,,,,,,,,,
,,,,,,,,,,,,,,,,,,,,,,,,,,,,,,,,,,,,,,,,,,,,,,,,,,,,,,,,,,,,,,,,,,,,,,,,,,,,,,,,,,,,,,,,,,,,,,,,,,,,,,,,,,,,,,,,,,,,,,,,,,,,,,,,,,,,,,,,,,,,,,,,,mainWorld_47_savanna_1_progression_reward_gauge,1205000,currency.xp,big_coins,98977,,,,,,,,,,,,,,,,,,,,,,,,,,,,,,,,,,
,,,,,,,,,,,,,,,,,,,,,,,,,,,,,,,,,,,,,,,,,,,,,,,,,,,,,,,,,,,,,,,,,,,,,,,,,,,,,,,,,,,,,,,,,,,,,,,,,,,,,,,,,,,,,,,,,,,,,,,,,,,,,,,,,,,,,,,,,,,,,,,,,mainWorld_47_savanna_1_progression_reward_gauge,1205000,currency.xp,big_coins,436313,,,,,,,,,,,,,,,,,,,,,,,,,,,,,,,,,,
,,,,,,,,,,,,,,,,,,,,,,,,,,,,,,,,,,,,,,,,,,,,,,,,,,,,,,,,,,,,,,,,,,,,,,,,,,,,,,,,,,,,,,,,,,,,,,,,,,,,,,,,,,,,,,,,,,,,,,,,,,,,,,,,,,,,,,,,,,,,,,,,,mainWorld_47_savanna_1_progression_reward_gauge,1205000,currency.xp,random_candy_big,809092,,,,,,,,,,,,,,,,,,,,,,,,,,,,,,,,,,
,,,,,,,,,,,,,,,,,,,,,,,,,,,,,,,,,,,,,,,,,,,,,,,,,,,,,,,,,,,,,,,,,,,,,,,,,,,,,,,,,,,,,,,,,,,,,,,,,,,,,,,,,,,,,,,,,,,,,,,,,,,,,,,,,,,,,,,,,,,,,,,,,mainWorld_47_savanna_1_progression_reward_gauge,1205000,currency.xp,egg_legendary,1205000,,,,,,,,,,,,,,,,,,,,,,,,,,,,,,,,,,
,,,,,,,,,,,,,,,,,,,,,,,,,,,,,,,,,,,,,,,,,,,,,,,,,,,,,,,,,,,,,,,,,,,,,,,,,,,,,,,,,,,,,,,,,,,,,,,,,,,,,,,,,,,,,,,,,,,,,,,,,,,,,,,,,,,,,,,,,,,,,,,,,mainWorld_48_snow_1_progression_reward_gauge,1230000,currency.xp,big_coins,101030,,,,,,,,,,,,,,,,,,,,,,,,,,,,,,,,,,
,,,,,,,,,,,,,,,,,,,,,,,,,,,,,,,,,,,,,,,,,,,,,,,,,,,,,,,,,,,,,,,,,,,,,,,,,,,,,,,,,,,,,,,,,,,,,,,,,,,,,,,,,,,,,,,,,,,,,,,,,,,,,,,,,,,,,,,,,,,,,,,,,mainWorld_48_snow_1_progression_reward_gauge,1230000,currency.xp,big_coins,445365,,,,,,,,,,,,,,,,,,,,,,,,,,,,,,,,,,
,,,,,,,,,,,,,,,,,,,,,,,,,,,,,,,,,,,,,,,,,,,,,,,,,,,,,,,,,,,,,,,,,,,,,,,,,,,,,,,,,,,,,,,,,,,,,,,,,,,,,,,,,,,,,,,,,,,,,,,,,,,,,,,,,,,,,,,,,,,,,,,,,mainWorld_48_snow_1_progression_reward_gauge,1230000,currency.xp,random_candy_big,825878,,,,,,,,,,,,,,,,,,,,,,,,,,,,,,,,,,
,,,,,,,,,,,,,,,,,,,,,,,,,,,,,,,,,,,,,,,,,,,,,,,,,,,,,,,,,,,,,,,,,,,,,,,,,,,,,,,,,,,,,,,,,,,,,,,,,,,,,,,,,,,,,,,,,,,,,,,,,,,,,,,,,,,,,,,,,,,,,,,,,mainWorld_48_snow_1_progression_reward_gauge,1230000,currency.xp,egg_legendary,1230000,,,,,,,,,,,,,,,,,,,,,,,,,,,,,,,,,,
,,,,,,,,,,,,,,,,,,,,,,,,,,,,,,,,,,,,,,,,,,,,,,,,,,,,,,,,,,,,,,,,,,,,,,,,,,,,,,,,,,,,,,,,,,,,,,,,,,,,,,,,,,,,,,,,,,,,,,,,,,,,,,,,,,,,,,,,,,,,,,,,,mainWorld_49_cave&jungle_1_progression_reward_gauge,1255000,currency.xp,candy_jungle,103084,,,,,,,,,,,,,,,,,,,,,,,,,,,,,,,,,,
,,,,,,,,,,,,,,,,,,,,,,,,,,,,,,,,,,,,,,,,,,,,,,,,,,,,,,,,,,,,,,,,,,,,,,,,,,,,,,,,,,,,,,,,,,,,,,,,,,,,,,,,,,,,,,,,,,,,,,,,,,,,,,,,,,,,,,,,,,,,,,,,,mainWorld_49_cave&jungle_1_progression_reward_gauge,1255000,currency.xp,egg_epic,454417,,,,,,,,,,,,,,,,,,,,,,,,,,,,,,,,,,
,,,,,,,,,,,,,,,,,,,,,,,,,,,,,,,,,,,,,,,,,,,,,,,,,,,,,,,,,,,,,,,,,,,,,,,,,,,,,,,,,,,,,,,,,,,,,,,,,,,,,,,,,,,,,,,,,,,,,,,,,,,,,,,,,,,,,,,,,,,,,,,,,mainWorld_49_cave&jungle_1_progression_reward_gauge,1255000,currency.xp,random_candy_big,842664,,,,,,,,,,,,,,,,,,,,,,,,,,,,,,,,,,
,,,,,,,,,,,,,,,,,,,,,,,,,,,,,,,,,,,,,,,,,,,,,,,,,,,,,,,,,,,,,,,,,,,,,,,,,,,,,,,,,,,,,,,,,,,,,,,,,,,,,,,,,,,,,,,,,,,,,,,,,,,,,,,,,,,,,,,,,,,,,,,,,mainWorld_49_cave&jungle_1_progression_reward_gauge,1255000,currency.xp,egg_legendary,1255000,,,,,,,,,,,,,,,,,,,,,,,,,,,,,,,,,,
,,,,,,,,,,,,,,,,,,,,,,,,,,,,,,,,,,,,,,,,,,,,,,,,,,,,,,,,,,,,,,,,,,,,,,,,,,,,,,,,,,,,,,,,,,,,,,,,,,,,,,,,,,,,,,,,,,,,,,,,,,,,,,,,,,,,,,,,,,,,,,,,,mainWorld_50_snow_1_progression_reward_gauge,1280000,currency.xp,candy_snow,105137,,,,,,,,,,,,,,,,,,,,,,,,,,,,,,,,,,
,,,,,,,,,,,,,,,,,,,,,,,,,,,,,,,,,,,,,,,,,,,,,,,,,,,,,,,,,,,,,,,,,,,,,,,,,,,,,,,,,,,,,,,,,,,,,,,,,,,,,,,,,,,,,,,,,,,,,,,,,,,,,,,,,,,,,,,,,,,,,,,,,mainWorld_50_snow_1_progression_reward_gauge,1280000,currency.xp,egg_epic,463469,,,,,,,,,,,,,,,,,,,,,,,,,,,,,,,,,,
,,,,,,,,,,,,,,,,,,,,,,,,,,,,,,,,,,,,,,,,,,,,,,,,,,,,,,,,,,,,,,,,,,,,,,,,,,,,,,,,,,,,,,,,,,,,,,,,,,,,,,,,,,,,,,,,,,,,,,,,,,,,,,,,,,,,,,,,,,,,,,,,,mainWorld_50_snow_1_progression_reward_gauge,1280000,currency.xp,random_candy_big,859451,,,,,,,,,,,,,,,,,,,,,,,,,,,,,,,,,,
,,,,,,,,,,,,,,,,,,,,,,,,,,,,,,,,,,,,,,,,,,,,,,,,,,,,,,,,,,,,,,,,,,,,,,,,,,,,,,,,,,,,,,,,,,,,,,,,,,,,,,,,,,,,,,,,,,,,,,,,,,,,,,,,,,,,,,,,,,,,,,,,,mainWorld_50_snow_1_progression_reward_gauge,1280000,currency.xp,egg_legendary,1280000,,,,,,,,,,,,,,,,,,,,,,,,,,,,,,,,,,
,,,,,,,,,,,,,,,,,,,,,,,,,,,,,,,,,,,,,,,,,,,,,,,,,,,,,,,,,,,,,,,,,,,,,,,,,,,,,,,,,,,,,,,,,,,,,,,,,,,,,,,,,,,,,,,,,,,,,,,,,,,,,,,,,,,,,,,,,,,,,,,,,mainWorld_51_sea_1_progression_reward_gauge,1305000,currency.xp,big_coins,107191,,,,,,,,,,,,,,,,,,,,,,,,,,,,,,,,,,
,,,,,,,,,,,,,,,,,,,,,,,,,,,,,,,,,,,,,,,,,,,,,,,,,,,,,,,,,,,,,,,,,,,,,,,,,,,,,,,,,,,,,,,,,,,,,,,,,,,,,,,,,,,,,,,,,,,,,,,,,,,,,,,,,,,,,,,,,,,,,,,,,mainWorld_51_sea_1_progression_reward_gauge,1305000,currency.xp,egg_epic,472521,,,,,,,,,,,,,,,,,,,,,,,,,,,,,,,,,,
,,,,,,,,,,,,,,,,,,,,,,,,,,,,,,,,,,,,,,,,,,,,,,,,,,,,,,,,,,,,,,,,,,,,,,,,,,,,,,,,,,,,,,,,,,,,,,,,,,,,,,,,,,,,,,,,,,,,,,,,,,,,,,,,,,,,,,,,,,,,,,,,,mainWorld_51_sea_1_progression_reward_gauge,1305000,currency.xp,random_candy_big,876237,,,,,,,,,,,,,,,,,,,,,,,,,,,,,,,,,,
,,,,,,,,,,,,,,,,,,,,,,,,,,,,,,,,,,,,,,,,,,,,,,,,,,,,,,,,,,,,,,,,,,,,,,,,,,,,,,,,,,,,,,,,,,,,,,,,,,,,,,,,,,,,,,,,,,,,,,,,,,,,,,,,,,,,,,,,,,,,,,,,,mainWorld_51_sea_1_progression_reward_gauge,1305000,currency.xp,egg_legendary,1305000,,,,,,,,,,,,,,,,,,,,,,,,,,,,,,,,,,
,,,,,,,,,,,,,,,,,,,,,,,,,,,,,,,,,,,,,,,,,,,,,,,,,,,,,,,,,,,,,,,,,,,,,,,,,,,,,,,,,,,,,,,,,,,,,,,,,,,,,,,,,,,,,,,,,,,,,,,,,,,,,,,,,,,,,,,,,,,,,,,,,mainWorld_52_savanna&jungle_1_progression_reward_gauge,1330000,currency.xp,big_coins,109244,,,,,,,,,,,,,,,,,,,,,,,,,,,,,,,,,,
,,,,,,,,,,,,,,,,,,,,,,,,,,,,,,,,,,,,,,,,,,,,,,,,,,,,,,,,,,,,,,,,,,,,,,,,,,,,,,,,,,,,,,,,,,,,,,,,,,,,,,,,,,,,,,,,,,,,,,,,,,,,,,,,,,,,,,,,,,,,,,,,,mainWorld_52_savanna&jungle_1_progression_reward_gauge,1330000,currency.xp,egg_epic,481573,,,,,,,,,,,,,,,,,,,,,,,,,,,,,,,,,,
,,,,,,,,,,,,,,,,,,,,,,,,,,,,,,,,,,,,,,,,,,,,,,,,,,,,,,,,,,,,,,,,,,,,,,,,,,,,,,,,,,,,,,,,,,,,,,,,,,,,,,,,,,,,,,,,,,,,,,,,,,,,,,,,,,,,,,,,,,,,,,,,,mainWorld_52_savanna&jungle_1_progression_reward_gauge,1330000,currency.xp,random_candy_big,893023,,,,,,,,,,,,,,,,,,,,,,,,,,,,,,,,,,
,,,,,,,,,,,,,,,,,,,,,,,,,,,,,,,,,,,,,,,,,,,,,,,,,,,,,,,,,,,,,,,,,,,,,,,,,,,,,,,,,,,,,,,,,,,,,,,,,,,,,,,,,,,,,,,,,,,,,,,,,,,,,,,,,,,,,,,,,,,,,,,,,mainWorld_52_savanna&jungle_1_progression_reward_gauge,1330000,currency.xp,egg_legendary,1330000,,,,,,,,,,,,,,,,,,,,,,,,,,,,,,,,,,
,,,,,,,,,,,,,,,,,,,,,,,,,,,,,,,,,,,,,,,,,,,,,,,,,,,,,,,,,,,,,,,,,,,,,,,,,,,,,,,,,,,,,,,,,,,,,,,,,,,,,,,,,,,,,,,,,,,,,,,,,,,,,,,,,,,,,,,,,,,,,,,,,mainWorld_53_meadow_1_progression_reward_gauge,1355000,currency.xp,big_coins,111298,,,,,,,,,,,,,,,,,,,,,,,,,,,,,,,,,,
,,,,,,,,,,,,,,,,,,,,,,,,,,,,,,,,,,,,,,,,,,,,,,,,,,,,,,,,,,,,,,,,,,,,,,,,,,,,,,,,,,,,,,,,,,,,,,,,,,,,,,,,,,,,,,,,,,,,,,,,,,,,,,,,,,,,,,,,,,,,,,,,,mainWorld_53_meadow_1_progression_reward_gauge,1355000,currency.xp,egg_epic,490626,,,,,,,,,,,,,,,,,,,,,,,,,,,,,,,,,,
,,,,,,,,,,,,,,,,,,,,,,,,,,,,,,,,,,,,,,,,,,,,,,,,,,,,,,,,,,,,,,,,,,,,,,,,,,,,,,,,,,,,,,,,,,,,,,,,,,,,,,,,,,,,,,,,,,,,,,,,,,,,,,,,,,,,,,,,,,,,,,,,,mainWorld_53_meadow_1_progression_reward_gauge,1355000,currency.xp,random_candy_big,909809,,,,,,,,,,,,,,,,,,,,,,,,,,,,,,,,,,
,,,,,,,,,,,,,,,,,,,,,,,,,,,,,,,,,,,,,,,,,,,,,,,,,,,,,,,,,,,,,,,,,,,,,,,,,,,,,,,,,,,,,,,,,,,,,,,,,,,,,,,,,,,,,,,,,,,,,,,,,,,,,,,,,,,,,,,,,,,,,,,,,mainWorld_53_meadow_1_progression_reward_gauge,1355000,currency.xp,egg_legendary,1355000,,,,,,,,,,,,,,,,,,,,,,,,,,,,,,,,,,
,,,,,,,,,,,,,,,,,,,,,,,,,,,,,,,,,,,,,,,,,,,,,,,,,,,,,,,,,,,,,,,,,,,,,,,,,,,,,,,,,,,,,,,,,,,,,,,,,,,,,,,,,,,,,,,,,,,,,,,,,,,,,,,,,,,,,,,,,,,,,,,,,mainWorld_54_jungle_1_progression_reward_gauge,1380000,currency.xp,big_coins,113351,,,,,,,,,,,,,,,,,,,,,,,,,,,,,,,,,,
,,,,,,,,,,,,,,,,,,,,,,,,,,,,,,,,,,,,,,,,,,,,,,,,,,,,,,,,,,,,,,,,,,,,,,,,,,,,,,,,,,,,,,,,,,,,,,,,,,,,,,,,,,,,,,,,,,,,,,,,,,,,,,,,,,,,,,,,,,,,,,,,,mainWorld_54_jungle_1_progression_reward_gauge,1380000,currency.xp,big_coins,499678,,,,,,,,,,,,,,,,,,,,,,,,,,,,,,,,,,
,,,,,,,,,,,,,,,,,,,,,,,,,,,,,,,,,,,,,,,,,,,,,,,,,,,,,,,,,,,,,,,,,,,,,,,,,,,,,,,,,,,,,,,,,,,,,,,,,,,,,,,,,,,,,,,,,,,,,,,,,,,,,,,,,,,,,,,,,,,,,,,,,mainWorld_54_jungle_1_progression_reward_gauge,1380000,currency.xp,random_candy_big,926595,,,,,,,,,,,,,,,,,,,,,,,,,,,,,,,,,,
,,,,,,,,,,,,,,,,,,,,,,,,,,,,,,,,,,,,,,,,,,,,,,,,,,,,,,,,,,,,,,,,,,,,,,,,,,,,,,,,,,,,,,,,,,,,,,,,,,,,,,,,,,,,,,,,,,,,,,,,,,,,,,,,,,,,,,,,,,,,,,,,,mainWorld_54_jungle_1_progression_reward_gauge,1380000,currency.xp,egg_legendary,1380000,,,,,,,,,,,,,,,,,,,,,,,,,,,,,,,,,,
,,,,,,,,,,,,,,,,,,,,,,,,,,,,,,,,,,,,,,,,,,,,,,,,,,,,,,,,,,,,,,,,,,,,,,,,,,,,,,,,,,,,,,,,,,,,,,,,,,,,,,,,,,,,,,,,,,,,,,,,,,,,,,,,,,,,,,,,,,,,,,,,,mainWorld_55_snow&forest_1_progression_reward_gauge,1405000,currency.xp,candy_forest,115405,,,,,,,,,,,,,,,,,,,,,,,,,,,,,,,,,,
,,,,,,,,,,,,,,,,,,,,,,,,,,,,,,,,,,,,,,,,,,,,,,,,,,,,,,,,,,,,,,,,,,,,,,,,,,,,,,,,,,,,,,,,,,,,,,,,,,,,,,,,,,,,,,,,,,,,,,,,,,,,,,,,,,,,,,,,,,,,,,,,,mainWorld_55_snow&forest_1_progression_reward_gauge,1405000,currency.xp,egg_epic,508730,,,,,,,,,,,,,,,,,,,,,,,,,,,,,,,,,,
,,,,,,,,,,,,,,,,,,,,,,,,,,,,,,,,,,,,,,,,,,,,,,,,,,,,,,,,,,,,,,,,,,,,,,,,,,,,,,,,,,,,,,,,,,,,,,,,,,,,,,,,,,,,,,,,,,,,,,,,,,,,,,,,,,,,,,,,,,,,,,,,,mainWorld_55_snow&forest_1_progression_reward_gauge,1405000,currency.xp,random_candy_big,943381,,,,,,,,,,,,,,,,,,,,,,,,,,,,,,,,,,
,,,,,,,,,,,,,,,,,,,,,,,,,,,,,,,,,,,,,,,,,,,,,,,,,,,,,,,,,,,,,,,,,,,,,,,,,,,,,,,,,,,,,,,,,,,,,,,,,,,,,,,,,,,,,,,,,,,,,,,,,,,,,,,,,,,,,,,,,,,,,,,,,mainWorld_55_snow&forest_1_progression_reward_gauge,1405000,currency.xp,egg_legendary,1405000,,,,,,,,,,,,,,,,,,,,,,,,,,,,,,,,,,
,,,,,,,,,,,,,,,,,,,,,,,,,,,,,,,,,,,,,,,,,,,,,,,,,,,,,,,,,,,,,,,,,,,,,,,,,,,,,,,,,,,,,,,,,,,,,,,,,,,,,,,,,,,,,,,,,,,,,,,,,,,,,,,,,,,,,,,,,,,,,,,,,mainWorld_56_sea&forest_1_progression_reward_gauge,1430000,currency.xp,candy_forest,117458,,,,,,,,,,,,,,,,,,,,,,,,,,,,,,,,,,
,,,,,,,,,,,,,,,,,,,,,,,,,,,,,,,,,,,,,,,,,,,,,,,,,,,,,,,,,,,,,,,,,,,,,,,,,,,,,,,,,,,,,,,,,,,,,,,,,,,,,,,,,,,,,,,,,,,,,,,,,,,,,,,,,,,,,,,,,,,,,,,,,mainWorld_56_sea&forest_1_progression_reward_gauge,1430000,currency.xp,egg_epic,517782,,,,,,,,,,,,,,,,,,,,,,,,,,,,,,,,,,
,,,,,,,,,,,,,,,,,,,,,,,,,,,,,,,,,,,,,,,,,,,,,,,,,,,,,,,,,,,,,,,,,,,,,,,,,,,,,,,,,,,,,,,,,,,,,,,,,,,,,,,,,,,,,,,,,,,,,,,,,,,,,,,,,,,,,,,,,,,,,,,,,mainWorld_56_sea&forest_1_progression_reward_gauge,1430000,currency.xp,random_candy_big,960167,,,,,,,,,,,,,,,,,,,,,,,,,,,,,,,,,,
,,,,,,,,,,,,,,,,,,,,,,,,,,,,,,,,,,,,,,,,,,,,,,,,,,,,,,,,,,,,,,,,,,,,,,,,,,,,,,,,,,,,,,,,,,,,,,,,,,,,,,,,,,,,,,,,,,,,,,,,,,,,,,,,,,,,,,,,,,,,,,,,,mainWorld_56_sea&forest_1_progression_reward_gauge,1430000,currency.xp,egg_legendary,1430000,,,,,,,,,,,,,,,,,,,,,,,,,,,,,,,,,,
,,,,,,,,,,,,,,,,,,,,,,,,,,,,,,,,,,,,,,,,,,,,,,,,,,,,,,,,,,,,,,,,,,,,,,,,,,,,,,,,,,,,,,,,,,,,,,,,,,,,,,,,,,,,,,,,,,,,,,,,,,,,,,,,,,,,,,,,,,,,,,,,,mainWorld_57_forest&meadow_1_progression_reward_gauge,1455000,currency.xp,big_coins,119512,,,,,,,,,,,,,,,,,,,,,,,,,,,,,,,,,,
,,,,,,,,,,,,,,,,,,,,,,,,,,,,,,,,,,,,,,,,,,,,,,,,,,,,,,,,,,,,,,,,,,,,,,,,,,,,,,,,,,,,,,,,,,,,,,,,,,,,,,,,,,,,,,,,,,,,,,,,,,,,,,,,,,,,,,,,,,,,,,,,,mainWorld_57_forest&meadow_1_progression_reward_gauge,1455000,currency.xp,egg_epic,526834,,,,,,,,,,,,,,,,,,,,,,,,,,,,,,,,,,
,,,,,,,,,,,,,,,,,,,,,,,,,,,,,,,,,,,,,,,,,,,,,,,,,,,,,,,,,,,,,,,,,,,,,,,,,,,,,,,,,,,,,,,,,,,,,,,,,,,,,,,,,,,,,,,,,,,,,,,,,,,,,,,,,,,,,,,,,,,,,,,,,mainWorld_57_forest&meadow_1_progression_reward_gauge,1455000,currency.xp,random_candy_big,976954,,,,,,,,,,,,,,,,,,,,,,,,,,,,,,,,,,
,,,,,,,,,,,,,,,,,,,,,,,,,,,,,,,,,,,,,,,,,,,,,,,,,,,,,,,,,,,,,,,,,,,,,,,,,,,,,,,,,,,,,,,,,,,,,,,,,,,,,,,,,,,,,,,,,,,,,,,,,,,,,,,,,,,,,,,,,,,,,,,,,mainWorld_57_forest&meadow_1_progression_reward_gauge,1455000,currency.xp,egg_legendary,1455000,,,,,,,,,,,,,,,,,,,,,,,,,,,,,,,,,,
,,,,,,,,,,,,,,,,,,,,,,,,,,,,,,,,,,,,,,,,,,,,,,,,,,,,,,,,,,,,,,,,,,,,,,,,,,,,,,,,,,,,,,,,,,,,,,,,,,,,,,,,,,,,,,,,,,,,,,,,,,,,,,,,,,,,,,,,,,,,,,,,,mainWorld_58_savanna_1_progression_reward_gauge,1480000,currency.xp,big_coins,121565,,,,,,,,,,,,,,,,,,,,,,,,,,,,,,,,,,
,,,,,,,,,,,,,,,,,,,,,,,,,,,,,,,,,,,,,,,,,,,,,,,,,,,,,,,,,,,,,,,,,,,,,,,,,,,,,,,,,,,,,,,,,,,,,,,,,,,,,,,,,,,,,,,,,,,,,,,,,,,,,,,,,,,,,,,,,,,,,,,,,mainWorld_58_savanna_1_progression_reward_gauge,1480000,currency.xp,egg_epic,535886,,,,,,,,,,,,,,,,,,,,,,,,,,,,,,,,,,
,,,,,,,,,,,,,,,,,,,,,,,,,,,,,,,,,,,,,,,,,,,,,,,,,,,,,,,,,,,,,,,,,,,,,,,,,,,,,,,,,,,,,,,,,,,,,,,,,,,,,,,,,,,,,,,,,,,,,,,,,,,,,,,,,,,,,,,,,,,,,,,,,mainWorld_58_savanna_1_progression_reward_gauge,1480000,currency.xp,random_candy_big,993740,,,,,,,,,,,,,,,,,,,,,,,,,,,,,,,,,,
,,,,,,,,,,,,,,,,,,,,,,,,,,,,,,,,,,,,,,,,,,,,,,,,,,,,,,,,,,,,,,,,,,,,,,,,,,,,,,,,,,,,,,,,,,,,,,,,,,,,,,,,,,,,,,,,,,,,,,,,,,,,,,,,,,,,,,,,,,,,,,,,,mainWorld_58_savanna_1_progression_reward_gauge,1480000,currency.xp,egg_legendary,1480000,,,,,,,,,,,,,,,,,,,,,,,,,,,,,,,,,,
,,,,,,,,,,,,,,,,,,,,,,,,,,,,,,,,,,,,,,,,,,,,,,,,,,,,,,,,,,,,,,,,,,,,,,,,,,,,,,,,,,,,,,,,,,,,,,,,,,,,,,,,,,,,,,,,,,,,,,,,,,,,,,,,,,,,,,,,,,,,,,,,,mainWorld_59_sea&savanna_1_progression_reward_gauge,1505000,currency.xp,big_coins,123619,,,,,,,,,,,,,,,,,,,,,,,,,,,,,,,,,,
,,,,,,,,,,,,,,,,,,,,,,,,,,,,,,,,,,,,,,,,,,,,,,,,,,,,,,,,,,,,,,,,,,,,,,,,,,,,,,,,,,,,,,,,,,,,,,,,,,,,,,,,,,,,,,,,,,,,,,,,,,,,,,,,,,,,,,,,,,,,,,,,,mainWorld_59_sea&savanna_1_progression_reward_gauge,1505000,currency.xp,egg_epic,544938,,,,,,,,,,,,,,,,,,,,,,,,,,,,,,,,,,
,,,,,,,,,,,,,,,,,,,,,,,,,,,,,,,,,,,,,,,,,,,,,,,,,,,,,,,,,,,,,,,,,,,,,,,,,,,,,,,,,,,,,,,,,,,,,,,,,,,,,,,,,,,,,,,,,,,,,,,,,,,,,,,,,,,,,,,,,,,,,,,,,mainWorld_59_sea&savanna_1_progression_reward_gauge,1505000,currency.xp,random_candy_big,1010526,,,,,,,,,,,,,,,,,,,,,,,,,,,,,,,,,,
,,,,,,,,,,,,,,,,,,,,,,,,,,,,,,,,,,,,,,,,,,,,,,,,,,,,,,,,,,,,,,,,,,,,,,,,,,,,,,,,,,,,,,,,,,,,,,,,,,,,,,,,,,,,,,,,,,,,,,,,,,,,,,,,,,,,,,,,,,,,,,,,,mainWorld_59_sea&savanna_1_progression_reward_gauge,1505000,currency.xp,egg_legendary,1505000,,,,,,,,,,,,,,,,,,,,,,,,,,,,,,,,,,
,,,,,,,,,,,,,,,,,,,,,,,,,,,,,,,,,,,,,,,,,,,,,,,,,,,,,,,,,,,,,,,,,,,,,,,,,,,,,,,,,,,,,,,,,,,,,,,,,,,,,,,,,,,,,,,,,,,,,,,,,,,,,,,,,,,,,,,,,,,,,,,,,mainWorld_60_sea_1_progression_reward_gauge,1000000000,currency.xp,big_coins,82138570,,,,,,,,,,,,,,,,,,,,,,,,,,,,,,,,,,
,,,,,,,,,,,,,,,,,,,,,,,,,,,,,,,,,,,,,,,,,,,,,,,,,,,,,,,,,,,,,,,,,,,,,,,,,,,,,,,,,,,,,,,,,,,,,,,,,,,,,,,,,,,,,,,,,,,,,,,,,,,,,,,,,,,,,,,,,,,,,,,,,mainWorld_60_sea_1_progression_reward_gauge,1000000000,currency.xp,big_coins,362085273,,,,,,,,,,,,,,,,,,,,,,,,,,,,,,,,,,
,,,,,,,,,,,,,,,,,,,,,,,,,,,,,,,,,,,,,,,,,,,,,,,,,,,,,,,,,,,,,,,,,,,,,,,,,,,,,,,,,,,,,,,,,,,,,,,,,,,,,,,,,,,,,,,,,,,,,,,,,,,,,,,,,,,,,,,,,,,,,,,,,mainWorld_60_sea_1_progression_reward_gauge,1000000000,currency.xp,random_candy_big,671445719,,,,,,,,,,,,,,,,,,,,,,,,,,,,,,,,,,
,,,,,,,,,,,,,,,,,,,,,,,,,,,,,,,,,,,,,,,,,,,,,,,,,,,,,,,,,,,,,,,,,,,,,,,,,,,,,,,,,,,,,,,,,,,,,,,,,,,,,,,,,,,,,,,,,,,,,,,,,,,,,,,,,,,,,,,,,,,,,,,,,mainWorld_60_sea_1_progression_reward_gauge,1000000000,currency.xp,egg_legendary,1000000000,,,,,,,,,,,,,,,,,,,,,,,,,,,,,,,,,,
